ورزش,دو
ورزش,تک
ورزش,مشت‌زني
ورزش,مشت‌بازي
ورزش,بوکس
ورزش,بوکس‌بازي
ورزش,مسابقه
ورزش,مبارزه
ورزش,مسابقه‌ي‌ورزشي
ورزش,مسابقه
ورزش,رقابت‌ورزشي
ورزش,ديدار
ورزش,شنا
ورزش,يوگا
ورزش,رالي
ورزش,غارنوردي
ورزش,کوه‌پيمايي
ورزش,کوه‌نوردي
ورزش,کوه‌گردي
ورزش,کوه‌روي
ورزش,کونگ‌فو
ورزش,صخره‌نوردي
ورزش,سنگ‌نوردي
ورزش,دوچرخه‌سواري
ورزش,دوچرخه‌راني
ورزش,اسکيت‌بازي
ورزش,اسکيتينگ
ورزش,رول‌اسکيت
ورزش,اسکيت‌رول
ورزش,پاراگلايدر
ورزش,چتربال
ورزش,چترپري
ورزش,تيراندازي‌با‌کمان
ورزش,تيروکمان
ورزش,کمانداري
ورزش,اسب‌سواري
ورزش,سوارکاري
ورزش,بازي‌توپي
ورزش,بازي‌با‌توپ
ورزش,بندلغزي
ورزش,اسلک‌لاين
ورزش,پارکور
ورزش,دووميداني
ورزش,دو‌ميداني
ورزش,اسکي‌بازي
ورزش,اسکي
ورزش,برف‌سري
ورزش,ژيمناستيک
ورزش,بوچيا
ورزش,بياتلون
ورزش,درازونشست
ورزش,درازنشست
ورزش,کشش‌عضله
ورزش,کشش
ورزش,مچ‌اندازي
ورزش,بشين‌پاشو
ورزش,بشين‌وپاشو
ورزش,بزکشي
ورزش,بروم‌بال
ورزش,دوچرخه‌سواري
درخت,بيد
درخت,به
درخت,ساج
درخت,ماگنوليا
درخت,مگنوليا
درخت,کاج
درخت,سرو‌سياه
درخت,ناژ
درخت,نخل
درخت,خرمابن
درخت,نخيل
درخت,راش
درخت,آلش
درخت,برگ‌بو
درخت,سالج
درخت,بيدمشک
درخت,آبنوس
درخت,صنوبر
درخت,اقاقيا
درخت,اکاليپتوس
درخت,زردآلو
درخت,آووکادو
درخت,گلابي‌تمساح
درخت,دارابي
درخت,خرمالو
درخت,توت
درخت,پرتقال
درخت,انجير
درخت,انجير‌معابد
درخت,انجير‌بنگالي
درخت,انجيلي
درخت,آسوندار
درخت,انجيلو
درخت,انجول
درخت,بلوط
درخت,مازو
درخت,مازوج
درخت,جوزا
درخت,جوز‌هندي
درخت,ديوآلبالو
درخت,سنجد
درخت,قبيده‌بادام
درخت,زيرفون
درخت,زيزفون
درخت,نم‌دار
درخت,سرو
درخت,حرا
درخت,مانگرو
درخت,چندل
درخت,افرا
درخت,تمرهندي
درخت,تمبر‌هندي
درخت,چنار
درخت,چنال
درخت,انبه
درخت,قلمه
درخت,تبريزي
درخت,شالک
درخت,سپيدار
درخت,آکاسيا
درخت,ارغوان
درخت,توسکا
درخت,توسه
درخت,شفتالو
درخت,آکاژو
درخت,ماهون
درخت,بلادر
درخت,فلفل‌درختي
درخت,دارفلفل
درخت,زبان‌گنجشک
درخت,زغال‌اخته
درخت,سرخدار
درخت,زربين
درخت,داغداغان
درخت,کهور
درخت,کور
درخت,چريش
درخت,سپستان
درخت,بلندمازو
درخت,شاه‌پسند‌درختي
درخت,نارنگي
درخت,ليمو
درخت,ترنج
درخت,بالنگ
درخت,اترج
درخت,بالنگو
درخت,سدر
درخت,کنار
درخت,رمليک
درخت,گيلاس
درخت,گردو
درخت,کاکائو
درخت,کيکم
درخت,کرکو
درخت,افراي‌ايراني
درخت,تيس
درخت,دارودرخت
درخت,شجرة‌السواک
درخت,چوج
درخت,سالوادورا‌پرسيکا
درخت,زقوم
درخت,ناربن
درخت,اناربن
درخت,گنه‌گنه
درخت,بائوباب
درخت,آدانسونيا
درخت,گلابي
درخت,نخل‌نارگيل
درخت,نارگيل
درخت,هليله
درخت,آزاددار
درخت,سياهدار
درخت,ملچ
درخت,بان
درخت,گل‌ابريشم
درخت,ابريشم‌دار
درخت,شب‌خسب
درخت,سرخ‌چوب
درخت,غوش
درخت,سندر
درخت,غان
درخت,توس
درخت,آرگان
درخت,ممرز
درخت,فوفل
درخت,جک‌فروت
درخت,پيتايا
درخت,چشالو
درخت,صندل
جاده,راه‌باصفا
جاده,راه‌ورودي
جاده,راه‌اختصاصي
جاده,راه‌ميان‌بر
جاده,ميانبر
جاده,شاه‌راه
جاده,شهراه
جاده,پس‌کوچه
جاده,خط
جاده,پاک‌راه
جاده,باريکه
جاده,تنگه
جاده,بيراهه
جاده,باند‌عبور
جاده,کوره‌ره
جاده,کوره‌راه
جاده,تنگ‌راه
جاده,زيرسازي
جاده,سواره‌رو
جاده,شوسه
جاده,راه‌شوسه
جاده,راه‌آسفالته
جاده,راه‌خاکي
جاده,محور‌ترانزيت
حيوان,شکارچي
حيوان,سباع
حيوان,علف‌خوار
حيوان,صيد
حيوان,شکار
حيوان,نخجير
حيوان,صيد
حيوان,شکار
حيوان,بشگرد
حيوان,بشگر
حيوان,نر
حيوان,ماده
حيوان,لارو
حيوان,کرم
حيوان,کرمينه
حيوان,نرم‌تن
حيوان,آبچر
حيوان,حيات‌وحش
حيوان,شب‌زي
حيوان,شب‌رو
حيوان,رويان
حيوان,ميوه‌خوار
حيوان,نرماده
حيوان,خنثي
حيوان,هرمافروديت
حيوان,دوجنسه
حيوان,جک‌وجانور
حيوان,همه‌چيزخوار
نویسنده,چکامه‌سرا
نویسنده,چامه‌سرا
نویسنده,ناظم
نویسنده,مديحه‌سرا
نویسنده,شعرگو
نویسنده,شاعر
نویسنده,گوينده
نویسنده,سراينده
نویسنده,مصنف
نویسنده,اهل‌قلم
نویسنده,سخن‌سرا
نویسنده,داستان‌نويس
نویسنده,رمان‌نويس
نویسنده,قصه‌نويس
نویسنده,پاورقي‌نويس
نویسنده,دايرةالمعارف‌نويس
نویسنده,سردبير
نویسنده,روزنامه‌نگار
نویسنده,ژورناليست
نویسنده,خبرنويس
نویسنده,نمايشنامه‌نويس
نویسنده,گردآورنده
نویسنده,تذکره‌نويس
نویسنده,فيلم‌نامه‌نويس
نویسنده,سناريست
نویسنده,سناريونويس
نویسنده,تارنويس
نویسنده,وب‌نويس
نویسنده,وبلاگ‌نويس
نویسنده,قافيه‌پرداز
نویسنده,قافيه‌ساز
نویسنده,قافيه‌باف
نویسنده,قافيه‌بند
نویسنده,هم‌قلم
نویسنده,عريضه‌نگار
نویسنده,عريضه‌نويس
نویسنده,درام‌نويس
نویسنده,ساده‌نويس
شاعر,تصنيف‌سرا
شاعر,ترانه‌سرا
شاعر,ترانه‌ساز
شاعر,ترانه‌پرداز
شاعر,ترانه‌نويس
شاعر,تصنيف‌ساز
شاعر,غزل‌سرا
شاعر,غزل‌گو
شاعر,غزل‌پرداز
شاعر,غزل‌گوي
شاعر,قافيه‌پرداز
شاعر,قافيه‌ساز
شاعر,قافيه‌باف
شاعر,قافيه‌بند
شاعر,قصيده‌سرا
شاعر,قصيده‌پرداز
شاعر,قصيده‌ساز
شاعر,قصيده‌گو
شاعر,بداهه‌سرا
شاعر,بديهه‌سرا
کشور,خارجه
کشور,خارج
کشور,ميزبان
کشور,آلباني
کشور,جمهوري‌آلباني
کشور,بحرين
کشور,پادشاهي‌بحرين
کشور,آرژانتين
کشور,جمهوري‌آرژانتين
کشور,ابرقدرت
کشور,شوروي
کشور,اتحاد‌جماهير‌شوروي
کشور,اتحاد‌جماهير‌سوسياليستي‌شوروي
کشور,گواتمالا
کشور,جمهوري‌گواتمالا
کشور,دولت‌شهر
موسيقي,جمله
موسيقي,مقام
موسيقي,آهنگ
موسيقي,ملودي
موسيقي,قطعه‌موسيقي
موسيقي,اپوس
موسيقي,اثرموسيقايي
موسيقي,گوشه
موسيقي,هم‌نوايي
موسيقي,هارموني
موسيقي,هماهنگي
موسيقي,هم‌صدايي
موسيقي,هم‌آوايي
موسيقي,هم‌آوازي
موسيقي,هم‌دهني
موسيقي,ژانر‌موسيقي
موسيقي,سبک‌موسيقي
موسيقي,گونه‌موسيقي
موسيقي,آهنگ‌پيشواز
موسيقي,راپسودي
موسيقي,چندصدايي
موسيقي,پلي‌فوني
موسيقي,پيش‌نوا
موسيقي,اورتور
موسيقي,پيتزيکاتو
موسيقي,سرش‌زخمه‌اي
موسيقي,آواز
موسيقي,آهنگ‌رقصي
هنرمند,موسيقي‌دان
هنرمند,نوازنده
هنرمند,ساززن
هنرمند,مزغان‌چي
هنرمند,موسيقي‌نواز
هنرمند,نقاش
هنرمند,عکاس‌باشي
هنرمند,عکاس
هنرمند,عکس‌بردار
هنرمند,پيکره‌تراش
هنرمند,مجسمه‌ساز
هنرمند,پيکرتراش
هنرمند,تنديسگر
هنرمند,مجسمه‌تراش
هنرمند,پيکرساز
هنرمند,صاحب‌سبک
هنرمند,صورتگر
هنرمند,نقاش
هنرمند,تصويرساز
هنرمند,تصويرنگار
هنرمند,تصويرپرداز
هنرمند,تصويرگر
هنرمند,چهره‌نگار
هنرمند,صورت‌ساز
هنرمند,صورت‌نگار
هنرمند,صورت‌آرا
هنرمند,خطاط
هنرمند,خوشنويس
هنرمند,خراط
هنرمند,چوب‌تراش
هنرمند,طراح
هنرمند,نقشه‌کش
هنرمند,طرح‌کش
هنرمند,مطرب
هنرمند,رامشگر
هنرمند,گريمور
هنرمند,چهره‌پرداز
هنرمند,چهره‌آرا
هنرمند,صورت‌آرا
هنرمند,تذهيب‌کار
هنرمند,آب‌طلاکار
هنرمند,تذهيب‌گر
هنرمند,مذهب
هنرمند,حجار
هنرمند,سنگ‌تراش
هنرمند,خاتم‌کار
هنرمند,خاتم‌بند
هنرمند,خاتم‌ساز
هنرمند,رقاص
هنرمند,رقصنده
هنرمند,آينه‌کار
هنرمند,سينماگر
هنرمند,بازگو
هنرمند,داستان‌سرا
هنرمند,قاص
هنرمند,قصه‌گو
هنرمند,راوي
هنرمند,افسانه‌سرا
هنرمند,افسانه‌پرداز
هنرمند,افسانه‌ساز
هنرمند,روايت‌کننده
هنرمند,قصه‌پرداز
هنرمند,حکايت‌پرداز
هنرمند,افسانه‌گو
هنرمند,داستان‌گو
هنرمند,افسانه‌گوي
هنرمند,حکاک
هنرمند,کنده‌کار
هنرمند,کنده‌گر
هنرمند,حک‌کننده
هنرمند,سازساز
هنرمند,ميناگر
هنرمند,ميناساز
هنرمند,ميناکار
هنرمند,اکسپرسيونيست
هنرمند,هيجان‌نما
هنرمند,گفتارگردان
هنرمند,دوبلور
هنرمند,صداگردان
هنرمند,آتش‌باز
هنرمند,امپرسيونيست
هنرمند,دريافت‌گرا
هنرمند,رمانتيست
هنرمند,رمانتيسيست
هنرمند,کلاسيسيست
هنرمند,معرق‌کار
رشته,زبان‌شناسي
رشته,علوم‌طبيعي
رشته,علوم‌تجربي
رشته,علم‌طبيعي
رشته,علم‌تجربي
رشته,علم‌الاشيا
رشته,حسابداري
رشته,علوم‌پايه
رشته,علم‌بنيادي
رشته,علوم‌بنيادي
رشته,علوم‌رفتاري
رشته,علوم‌نقلي
رشته,علوم‌منقول
رشته,پزشکي
رشته,پتروشيمي
رشته,مترجمي
رشته,پداگوژي
رشته,هيدرولوژي
رشته,آب‌شناسي
رشته,ژورناليسم
رشته,تربيت‌بدني
رشته,ورزش
رشته,علوم‌ورزشي
رشته,اصطلاح‌شناسي
رشته,ترمينولژي
رشته,اصطلاح‌شناختي
رشته,اسلام‌شناسي
رشته,تربيت‌معلم
رشته,تربيت‌دبير
رشته,اخترفيزيک
رشته,فيزيک‌نجومي
رشته,آستروفيزيک
رشته,متالوژي
رشته,فلزگري
رشته,ماده‌شناسي
رشته,متالورژي
رشته,تبارشناسي
رشته,نسب‌شناسي
رشته,شجره‌شناسي
رشته,سلسله‌شناسي
رشته,آبنگاري
رشته,هيدروگرافي
رشته,آسيب‌شناسي
رشته,انفورماتيک
رشته,داده‌ورزي
رشته,رمزشناسي
رشته,نمادشناسي
رشته,نشانه‌شناسي
رشته,رمزخواني
رشته,رمزگشايي
رشته,کدگشايي
رشته,کدخواني
رشته,علوم‌نظامي
رشته,آينده‌پژوهي
رشته,نوروسايکولوژي
رشته,عصب‌روان‌شناسي
رشته,نقشه‌برداري
رشته,مهندسي‌نقشه‌برداري
رشته,تابلوساز‌برق‌صنعتي
رشته,رشتۀ‌تابلوساز‌برق‌صنعتي
رشته,نصب‌و‌سرويس‌آسانسور
رشته,رشتۀ‌نصب‌و‌سرويس‌آسانسور
رشته,تعمير‌لوازم‌خانگي‌برقي
رشته,رشتۀ‌تعمير‌لوازم‌خانگي‌برقي
رشته,تعمير‌وسايل‌برقي‌خانگي
رشته,رشتۀ‌تعمير‌وسايل‌برقي‌خانگي
رشته,هتلداري
رشته,رشتۀ‌هتلداري
رشته,راهنماي‌گردشگري
رشته,رشتۀ‌راهنماي‌گردشگري
رشته,ايمني‌و‌آتش‌نشاني
رشته,رشتۀ‌ايمني‌و‌آتش‌نشاني
رشته,مديريت‌برنامه‌ريزي‌امور‌خانواده
رشته,رشتۀ‌مديريت‌برنامه‌ريزي‌امور‌خانواده
رشته,تعمير‌ماشين‌هاي‌کشاورزي
رشته,کاربري‌ماشين‌هاي‌کشاورزي
رشته,رشتۀ‌دام
رشته,دام
رشته,رشتۀ‌امور‌دامي
رشته,امور‌دامي
رشته,زراعت
رشته,رشتۀ‌درخت‌کاري
رشته,درخت‌کاري
رشته,رشتۀ‌گل‌کاري
رشته,گل‌کاري
رشته,رشتۀ‌فضاي‌سبز
رشته,فضاي‌سبز
رشته,علوم‌انتظامي
رشته,رشتۀ‌طيور
رشته,رشتۀ‌پرورش‌طيور
رشته,پرورش‌طيور
رشته,فرآورده‌هاي‌آبزيان
رشته,رشتۀ‌فرآورده‌هاي‌آبزيان
رشته,فرآورده‌هاي‌دامي
رشته,رشتۀ‌فرآورده‌هاي‌دامي
رشته,رشتۀ‌جنگل
رشته,جنگل
رشته,رشتۀ‌آبخيزداري
رشته,آبخيزداري
رشته,رشتۀ‌مرتع
رشته,مرتع
رشته,جنگل‌و‌مرتع
رشته,رشتۀ‌جنگل‌و‌مرتع
رشته,رشتۀ‌آبزيان
رشته,آبزيان
رشته,پرورش‌زنبور‌عسل
رشته,رشتۀ‌پرورش‌زنبور‌عسل
رشته,پرورش‌کرم‌ابريشم
رشته,رشتۀ‌پرورش‌کرم‌ابريشم
رشته,الکتروتکنيک
رشته,رشتۀ‌الکتروتکنيک
رشته,الکترونيک
رشته,رشتۀ‌کامپيوتر
رشته,کامپيوتر
رشته,رشتۀ‌کنترل
رشته,کنترل
رشته,تغذيه
رشته,علوم‌تغذيه
رشته,صنايع‌غذايي
رشته,علوم‌و‌صنايع‌غذايي
رشته,برق‌ساختمان
رشته,رشتۀ‌برق‌ساختمان
رشته,برق‌صنعتي
رشته,رشتۀ‌برق‌صنعتي
رشته,برق‌ماشين‌آلات
رشته,رشتۀ‌برق‌ماشين‌آلات
رشته,شبکه‌هاي‌هوايي
رشته,رشتۀ‌شبکه‌هاي‌هوايي
رشته,ماشين‌هاي‌الکتريکي
رشته,رشتۀ‌ماشين‌هاي‌الکتريکي
رشته,تعمير‌تلفن‌هاي‌روميزي‌و‌همراه
رشته,رشتۀ‌تعمير‌تلفن‌هاي‌روميزي‌و‌همراه
رشته,الکترونيک‌صنعتي
رشته,رشتۀ‌الکترونيک‌صنعتي
رشته,تعمير‌تلويزيون‌رنگي
رشته,رشتۀ‌تعمير‌تلويزيون‌رنگي
رشته,تعمير‌دستگاه‌هاي‌پزشکي
رشته,رشتۀ‌تعمير‌دستگاه‌هاي‌پزشکي
رشته,تعمير‌ماشين‌هاي‌اداري
رشته,رشتۀ‌تعمير‌ماشين‌هاي‌اداري
رشته,سيستم‌هاي‌صوتي‌تصويري
رشته,رشتۀ‌سيستم‌هاي‌صوتي‌تصويري
رشته,سيستم‌هاي‌صوتي‌و‌تصويري
رشته,رشتۀ‌سيستم‌هاي‌صوتي‌و‌تصويري
رشته,اتوماسيون‌صنعتي
رشته,رشتۀ‌اتوماسيون‌صنعتي
رشته,اتوماسيون‌اداري
رشته,ميکرو‌کنترلر‌AVR
رشته,رشتۀ‌ميکروکنترلر‌AVR
رشته,رشتۀ‌بتن‌کاري‌ساختمان
رشته,بتن‌کاري
رشته,ساختمان
رشته,رشتۀ‌ساختمان
رشته,رشتۀ‌معماري
رشته,معماري
رشته,تزئينات‌داخلي‌ساختمان
رشته,رشتۀ‌تزئينات‌داخلي‌ساختمان
رشته,طراحي‌معماري‌داخلي
رشته,رشتۀ‌طراحي‌معماري‌داخلي
رشته,معماري‌آئينه‌کاري
رشته,رشتۀ‌معماري‌آئينه‌کاري
رشته,معماري‌داخلي
رشته,رشتۀ‌معماري‌داخلي
رشته,نقشه‌کشي‌ساختمان
رشته,رشتۀ‌نقشه‌کشي‌ساختمان
رشته,هنر‌آئينه‌کاري
رشته,رشتۀ‌هنر‌آئينه‌کاري
رشته,سازه‌هاي‌فلزي
رشته,رشتۀ‌سازه‌هاي‌فلزي
رشته,ساخت‌و‌توليد
رشته,رشتۀ‌ساخت‌و‌توليد
رشته,صنايع‌چوبي
رشته,رشتۀ‌صنايع‌چوبي
رشته,رشتۀ‌تأسيسات
رشته,تأسيسات
رشته,عيب‌يابي‌و‌تعمير
رشته,رشتۀ‌عيب‌يابي‌و‌تعمير
رشته,رشتۀ‌معدن
رشته,معدن
رشته,رشتۀ‌نساجي
رشته,نساجي
رشته,رشتۀ‌چاپ
رشته,چاپ
رشته,تزئينات‌داخلي‌چوبي
رشته,رشتۀ‌تزئينات‌داخلي‌چوبي
رشته,نقشه‌نگاري
رشته,کارتوگرافي
رشته,سنجش‌از‌دور
رشته,آراس
رشته,فتوگرامتري
رشته,تصويرسنجي
رشته,توپوگرافي
رشته,مکان‌نگاري
رشته,عارضه‌نگاري
رشته,جغرافياي‌اندازه‌گيري‌تصويري
رشته,جاي‌نگاري
رشته,موضع‌نگاري
رشته,نقشه‌برداري‌زميني
رشته,ژئودزي
رشته,زمين‌سنجي
رشته,علوم‌زمين
رشته,ژئوديناميک
رشته,زمين‌پويايي‌شناسي
رشته,ژئومکانيک
رشته,مکانيک‌خاک
رشته,مکانيک‌جامدات
رشته,رئولوژي
رشته,مکانيک‌شاره‌ها
رشته,مکانيک‌سيالات
رشته,مکانيک‌سنگ
رشته,مهندسي‌اپتيک‌و‌ليزر
رشته,مکانيک‌کوانتومي
رشته,مکانيک‌کوانتوم
رشته,مکانيک‌کلاسيک
رشته,مکانيک‌نيوتوني
رشته,شيمي‌کوانتومي
رشته,فيزيک‌ذرات
رشته,فيزيک‌ذرات‌بنيادي
رشته,فيزيک‌انرژي‌هاي‌بالا
رشته,بيومکانيک
رشته,زيست‌مکانيک
رشته,روابط‌بين‌الملل
رشته,مطالعات‌راهبردي
رشته,مطالعات‌استراتژيک
رشته,مطالعات‌جنسيت
رشته,مطالعات‌امنيتي
رشته,هيدرومتئورولوژي
رشته,آب‌وهواشناسي
رشته,علم‌حديث
رشته,علم‌اخلاق
رشته,علوم‌ديني
رشته,علم‌مدني
رشته,ماهي‌شناسي
رشته,مديريت‌تکنولوژي
رشته,سامانه‌شناسي
رشته,زي‌سازگان‌شناسي
رشته,زيست‌سامانه‌شناسي
رشته,زيست‌شناسي‌سامانه‌شناختي
رشته,سازگان‌شناختي
رشته,سازگان‌شناسي
رشته,علم‌برق
رشته,برق‌شناخت
رشته,علم‌تغذيه
رشته,علم‌کلام
رشته,کلام
رشته,علم‌لدني
رشته,آب‌حيات
رشته,علم‌معاني
رشته,معاني
رشته,علم‌بديع
رشته,علم‌قافيه
رشته,علوم‌بلاغي
رشته,علم‌بلاغت
رشته,سندشناسي
رشته,سندپژوهي
رشته,راديومتري
رشته,تابش‌سنجي
رشته,مددياري
رشته,ماه‌نگاري
رشته,ماه‌شناسي
رشته,کويرشناسي
رشته,خاکشناسي
رشته,علوم‌خاک
رشته,روان‌سنجي
طباخ,کله‌پز
طباخ,جگرکي
طباخ,جگري
طباخ,کبابي
طباخ,ساندويچي
طباخ,ساندويچ‌زن
طباخ,سرآشپز
نور,زرق‌وبرق
نور,برق
نور,درخشندگي
نور,درخشش
نور,شعشعه
نور,اشراق
نور,فروزش
نور,رخشندگي
نور,رخشاني
نور,جرقه
نور,بارقه
نور,چراغاني
نور,هاله
نور,سوسو
نور,کورسو
نور,پرتوک
نور,کورسوي
دين,يکتاپرستي
دين,خداپرستي
دين,تک‌خدايي
دين,يزدان‌پرستي
دين,يگانه‌پرستي
دين,توحيدگرايي
دين,زرتشتي
دين,مزديسنا
دين,مزداپرستي
دين,زردشتي
دين,بهديني
دين,توحيد
دين,يکتاپرستي
دين,خداباوري
دين,خداانگاري
دين,يگانه‌انگاري
دين,دادارباوري
دين,تائويسم
دين,تائو
دين,دائو
دين,فلسفه‌تائو
دين,تائوئيسم
دين,مکتب‌تائو
دين,مهرپرستي
دين,آيين‌مهر
دين,ميترائيسم
دين,آيين‌رازوري
دين,آفتاب‌پرستي
دين,خورشيدپرستي
دين,بهاييه
دين,بهاييت
فرودگاه,مهرآباد
دانشگاه,استنفورد
دانشگاه,هاروارد
دانشگاه,آکادمي‌نظامي‌وست‌پوينت
دانشگاه,مدرسه‌نظامي‌ايالات‌متحده
دانشگاه,موسسه‌فناوري‌ماساچوست
دانشگاه,انستيتوي‌تکنولوژي‌ماساچوست
دانشگاه,آکسفورد
دانشگاه,موسسه‌فناوري‌کاليفرنيا
دانشگاه,يوسي‌ال‌اي
دانشگاه,کالج‌دانشگاهي‌لندن
دانشگاه,يوسي‌ال
دانشگاه,انستيتو‌تکنولوژي‌فدرال‌زوريخ
دانشگاه,کالج‌سلطنتي‌لندن
دانشگاه,سوربن
دانشگاه,انستيتوي‌کارولينسکا
دانشگاه,يوتي
دانشگاه,يو.اس.سي
دانشگاه,کينگز‌کالج‌لندن
دانشگاه,پيتسبرگ
دانشگاه,شهر‌پيتسبرگ
دانشگاه,اکول‌نرمال‌سوپريور
دانشگاه,موسسه‌پلي‌تکنيک‌فدرال‌لوزان
دانشگاه,موسسه‌فناوري‌جورجيا
دانشگاه,مرکز‌سرطان‌ام.دي.‌اندرسون‌دانشگاه‌تگزاس
دانشگاه,شهيد‌بهشتي
دانشگاه,پيام‌نور
دانشگاه,پلي‌تکنيک‌تهران
شهر,زابل
شهر,گرگان
شهر,استرآباد
شهر,آبادان
شهر,شيراز
شهر,اردبيل
شهر,رشت
شهر,زنجان
شهر,کرج
شهر,سمنان
شهر,اهواز
شهر,رفسنجان
شهر,خرمشهر
شهر,خونين‌شهر
شهر,بيت‌المقدس
شهر,اورشليم
شهر,قدس
شهر,چابهار
شهر,بندر‌چابهار
شهر,ميلان
شهر,بابل
شهر,مکه
شهر,مکه‌مکرمه
شهر,مکه‌معظمه
شهر,مدينه
شهر,يثرب
شهر,مدينه‌النبي
شهر,اربيل
شهر,ژنو
شهر,شميرانات
شهر,شميران
شهر,ازنا
شهر,بوکان
شهر,نيک‌شهر
شهر,بستک
شهر,اليگودرز
شهر,خرم‌آباد
شهر,شاهرود
شهر,تفرش
شهر,نمين
شهر,بيله‌سوار
شهر,نير
شهر,کوثر
شهر,گرمسار
شهر,ديواندره
شهر,قروه
شهر,دماوند
شهر,ملاير
شهر,سلماس
شهر,ديلمقان
شهر,شاه‌پور
شهر,ميناب
شهر,ايران‌شهر
شهر,خاش
شهر,پيرانشهر
شهر,سردشت
شهر,نقده
شهر,اشنويه
شهر,شاهين‌دژ
شهر,صايين‌قلعه
شهر,داراب
شهر,مياندوآب
شهر,پارسيان
شهر,طارم
شهر,کهگيلويه
شهر,تويسرکان
شهر,هريس
شهر,بروجن
شهر,لردگان
شهر,فارسان
شهر,اردل
شهر,کوهرنگ
شهر,نهبندان
شهر,رزن
شهر,چالدران
شهر,پاوه
شهر,سراوان
شهر,شبستر
شهر,کبودرآهنگ
شهر,جوان‌رود
شهر,هرسين
شهر,کنگاور
شهر,قصرشيرين
شهر,سرپل‌ذهاب
شهر,گيلانغرب
شهر,ثلاث‌باباجاني
شهر,گناباد
شهر,سرايان
شهر,دالاهو
شهر,نظرآباد
شهر,لنجان
شهر,ورامين
شهر,فريدون‌شهر
شهر,خدابنده
شهر,بيرجند
شهر,ماهنشان
شهر,خرم‌دره
شهر,سربيشه
شهر,رام‌هرمز
شهر,ابهر
شهر,ساوجبلاغ
شهر,قشم
شهر,جزيره‌قشم
شهر,اردستان
شهر,بستان‌آباد
شهر,شوشتر
شهر,سروآباد
شهر,لارستان
شهر,تنگستان
شهر,صدوق
شهر,مينودشت
شهر,درميان
شهر,دنا
شهر,عجب‌شير
شهر,ايوان
شهر,سبزوار
شهر,بيهق
شهر,لامرد
شهر,دشتي
شهر,خواف
شهر,سميرم
شهر,نطنز
شهر,پارس‌آباد
شهر,نايين
شهر,مشگين‌شهر
شهر,تربت‌جام
شهر,اسدآباد
شهر,نيشابور
شهر,ملکان
شهر,جم
شهر,گنبد‌کاووس
شهر,ايجرود
شهر,اسلام‌شهر
شهر,پاکدشت
شهر,رباط‌کريم
شهر,ابوموسي
شهر,جزيره‌ابوموسي
شهر,بوموسو
شهر,حاجي‌آباد
شهر,رودان
شهر,استهبان
شهر,اقليد
شهر,جهرم
شهر,فسا
شهر,مرودشت
شهر,سپيدان
شهر,گلپايگان
شهر,اهر
شهر,جلفا
شهر,مراغه
شهر,چاراويماق
شهر,هشت‌رود
شهر,ورزقان
شهر,اسکو
شهر,چادگان
شهر,فلاورجان
شهر,نکا
شهر,راور
شهر,دامغان
شهر,دهاقان
شهر,کليبر
شهر,ده‌لران
شهر,ارسنجان
شهر,قائنات
شهر,روان‌سر
شهر,پاسارگاد
شهر,شوش
شهر,مسجدسليمان
شهر,بروجرد
شهر,دورود
شهر,دلفان
شهر,نجف‌آباد
شهر,آران
شهر,ماهشهر
شهر,معشور
شهر,بندر‌ماهشهر
شهر,کوه‌دشت
شهر,بردسکن
شهر,ترشيز
شهر,بويراحمد
شهر,بهبهان
شهر,اردکان
شهر,مهران
شهر,سنندج
شهر,پل‌دختر
شهر,شادگان
شهر,اميديه
شهر,دزفول
شهر,دشت‌آزادگان
شهر,باغ‌ملک
شهر,دره‌شهر
شهر,شيروان‌و‌چرداول
شهر,اسلام‌آباد‌غرب
شهر,کامياران
شهر,مريوان
شهر,برخوار‌و‌ميمه
شهر,تيران‌وکرون
شهر,خوانسار
شهر,فريدن
شهر,مبارکه
شهر,دشتستان
شهر,گناوه
شهر,بم
شهر,جيرفت
شهر,سبزواران
شهر,زرند
شهر,سيرجان
شهر,عنبرآباد
شهر,کهنوج
شهر,منوجان
شهر,تايباد
شهر,تربت‌حيدريه
شهر,چناران
شهر,خليل‌آباد
شهر,درگز
شهر,رشتخوار
شهر,فريمان
شهر,قوچان
شهر,کلات
شهر,اسفراين
شهر,جاجرم
شهر,شيروان
شهر,مانه‌و‌سملقان
شهر,فاروج
شهر,لالي
شهر,هنديجان
شهر,رامشير
شهر,گتوند
شهر,زهک
شهر,کنارک
شهر,ني‌ريز
شهر,قيروکارزين
شهر,فراشبند
شهر,زرين‌دشت
شهر,خنج
شهر,خرم‌بيد
شهر,البرز
شهر,بوئين‌زهرا
شهر,رودبار‌جنوب
شهر,قلعه‌گنج
شهر,کوهبنان
شهر,بهمئي
شهر,آزادشهر
شهر,شاه‌پسند
شهر,آق‌قلا
شهر,گز
شهر,راميان
شهر,علي‌آباد
شهر,ترکمن
شهر,کردکوي
شهر,کلاله
شهر,ابرکوه
شهر,ابرقو
شهر,بافق
شهر,طبس
شهر,مهريز
شهر,ميبد
شهر,مهدي‌شهر
شهر,خيزي
شهر,دلگان
شهر,خوشاب
شهر,بجستان
شهر,طالقان
شهر,مراوه‌تپه
شهر,پشدر
شهر,مه‌ولات
شهر,بشرويه
شهر,بوانات
شهر,جوين
شهر,جغتاي
شهر,دوه‌چي
شهر,آذرشهر
شهر,پلدشت
شهر,شوط
شهر,چايپاره
شهر,کيار
شهر,ملکشاهي
شهر,دهگلان
شهر,برخوار
شهر,شاهين‌شهر‌و‌ميمه
شهر,ملارد
شهر,هفتگل
شهر,انديکا
شهر,رستم
شهر,فهرج
شهر,فريدون‌کنار
شهر,سروستان
شهر,خور‌و‌بيابانک
شهر,رابر
شهر,بهاباد
شهر,سرعين
شهر,گچساران
شهر,گراش
شهر,ممسني
شهر,چمشگزک
شهر,خوزات
شهر,چرام
شهر,باشت
شهر,باوي
شهر,ريگان
شهر,طرقبه‌شانديز
شهر,باخرز
شهر,خشک‌بيجار
شهر,بهارستان
شهر,خداآفرين
شهر,ميان‌دورود
شهر,آدلايد
شهر,آخن
شهر,ورونا
شهر,نورنبرگ
شهر,نورمبرگ
شهر,هرات
شهر,کربلا
شهر,نيس
شهر,تورنتو
شهر,شيکاگو
شهر,ايالت‌شيکاگو
شهر,لس‌آنجلس
شهر,سياتل
شهر,کازرون
شهر,هامبورگ
شهر,سالو
شهر,قندهار
شهر,کرمانشاه
شهر,بناب
شهر,ماله
شهر,هميلتون
شهر,ماسوله
شهر,آبعلي
شهر,کمبريج
شهر,کاشان
شهر,گرانادا
شهر,تخت‌جمشيد
شهر,پرسپوليس
شهر,پارسه
شهر,هزارستون
شهر,صدستون
شهر,چهل‌منار
شهر,فرانکفورت
شهر,پرينستون
شهر,نخجوان
شهر,منچستر
شهر,آستين
شهر,اوپسالا
شهر,ملبورن
شهر,لوزان
شهر,بجنورد
شهر,بستان
شهر,سوسنگرد
شهر,هويزه
شهر,انديمشک
شهر,اروميه
شهر,رضاييه
شهر,ميامي
شهر,تروآ
شهر,تروا
شهر,فرغانه
شهر,راس‌الخيمه
شهر,مزارشريف
شهر,واترلو
شهر,بمبئي
شهر,مومباي
شهر,کلکته
شهر,استرليتز
شهر,هوهن‌ليندن
شهر,هنگ‌کنگ
شهر,کوفه
شهر,کلن
شهر,نجف
شهر,نجف‌اشرف
شهر,وادي‌السلام
شهر,حدالعذراء
شهر,کاظمين
شهر,کاظميه
شهر,المشهد‌الکاظمي‌
شهر,بلدة‌الکاظمي‌
شهر,سامرا
شهر,قونيه
شهر,تيسفون
شهر,تيسپون
شهر,دوبي
شهر,بندرگز
شهر,سرخه
شهر,تکاب
شهر,تيکان‌تپه
شهر,اکباتان
شهر,هگمتانه
شهر,همدان
شهر,پطرزبورگ
شهر,سنت‌پترزبورگ
شهر,پتروگراد
شهر,سن‌پترزبورگ
شهر,مارسي
شهر,اراک
شهر,شمشک
شهر,ايزه
شهر,ايذج
شهر,جوکار
شهر,بانه
شهر,مون‌پليه
شهر,فلورانس
شهر,پيزا
شهر,عدن
شهر,جندي‌شاپور
شهر,گندي‌شاپور
شهر,گندي‌شاهپور
شهر,هيروشيما
شهر,ماليس
شهر,بخارا
شهر,سمرقند
شهر,حلبچه
شهر,حلبجه
شهر,بريزبن
شهر,کيپ‌تاون
شهر,دارجلينگ
شهر,دارجيلينگ
شهر,کرکوک
شهر,جيزه
شهر,کيوتو
شهر,ليورپول
شهر,ورساي
شهر,ازمير
شهر,اسکندريه
شهر,اورلاندو
شهر,اورلندو
شهر,اوزاکا
شهر,اوساکا
شهر,دهلي
شهر,شانگهاي
شهر,بصره
شهر,مومباسا
شهر,تاتنهام
شهر,فيروزکوه
شهر,گرمدره
شهر,بندر‌ترکمن
شهر,قرچک
شهر,تکريت
شهر,ديرالزور
شهر,خوي
شهر,رام‌الله
شهر,هيوستن
شهر,بردسير
شهر,سلطانيه
شهر,ساوه
شهر,يزد
شهر,بلخ
شهر,جده
شهر,کرمان
شهر,نينوا
شهر,آوج
شهر,آبيک
شهر,آباده
شهر,ازنا
شهر,سقز
شهر,مهاباد
شهر,نهاوند
شهر,خاش
شهر,دليجان
شهر,ساروق
شهر,تفرش
شهر,آشتيان
شهر,خمين
شهر,نراق
شهر,جاورسيان
شهر,شازند
شهر,کميجان
شهر,مأمونيه
شهر,آستانه‌اشرفيه
شهر,کياشهر
شهر,ليسار
شهر,اسالم
شهر,هشتپر
شهر,تالش
شهر,طوالش
شهر,هشتپر‌طوالش
شهر,منجيل
شهر,رودبار
شهر,رودبار‌زيتون
شهر,لاهيجان
شهر,کلاچاي
شهر,صومعه‌سرا
شهر,فومن
شهر,لنگرود
شهر,شفت
شهر,پره‌سر
شهر,رضوان‌شهر
شهر,سياهکل
شهر,ماسال
شهر,آمل
شهر,ديلمان
شهر,بهشهر
شهر,تنکابن
شهر,رامسر
شهر,ساري
شهر,کياسر
شهر,قائم‌شهر
شهر,بابلسر
شهر,نور
شهر,بلده
شهر,چمستان
شهر,رويان
شهر,چالوس
شهر,نيک‌شهر
هنرپيشه,آنتوني‌هاپکينز
هنرپيشه,سر‌فيليپ‌آنتوني‌هاپکينز
هنرپيشه,هاپکينز
هنرپيشه,جک‌لمون
هنرپيشه,لمون
هنرپيشه,جان‌اولر‌لمون‌سوم
هنرپيشه,جان‌اولر
هنرپيشه,باران‌کوثري
هنرپيشه,ويليام‌سيلوستر
هنرپيشه,بروس‌لي
هنرپيشه,وودي‌آلن
هنرپيشه,آلن‌استوارت‌کينگزبرگ
هنرپيشه,زهرا‌رهنورد
هنرپيشه,رهنورد
هنرپيشه,گري‌کوپر
هنرپيشه,فرانک‌جيمز‌گري‌کوپر
هنرپيشه,دنيرو
هنرپيشه,رابرت‌د‌نيرو
هنرپيشه,دي‌کاپريو
هنرپيشه,لئوناردو‌دي‌کاپريو
هنرپيشه,لئوناردو‌ويلهلم‌دي‌کاپريو
هنرپيشه,تام‌هنکس
هنرپيشه,توماس‌جفري‌هنکس
هنرپيشه,هنکس
هنرپيشه,لورن
هنرپيشه,سوفيا‌لورن
هنرپيشه,مريل‌استريپ
هنرپيشه,استريپ
هنرپيشه,مري‌لوئيز‌استريپ
هنرپيشه,مرلين‌مونرو
هنرپيشه,مونرو
هنرپيشه,نورما‌جين‌مورتنسون
هنرپيشه,اليزابت‌تيلور
هنرپيشه,تيلور
هنرپيشه,اليزابت‌رزموند‌ليز‌تيلور
هنرپيشه,برگمن
هنرپيشه,اينگريد‌برگمن
هنرپيشه,بوگي
هنرپيشه,هامفري‌بوگارت
هنرپيشه,هامفري‌ديفارست‌بوگارت
هنرپيشه,همفري‌بوگارت
هنرپيشه,بوگارت
هنرپيشه,جکي‌چان
هنرپيشه,چان‌کونگ‌سانگ
هنرپيشه,پاچينو
هنرپيشه,آل‌پاچينو
هنرپيشه,آلفردو‌جيمز‌آل‌پاچينو
هنرپيشه,توني‌رابينز
هنرپيشه,آنتوني‌رابينز
هنرپيشه,رابينز
هنرپيشه,خسرو‌شکيبايي
هنرپيشه,شکيبايي
هنرپيشه,پرويز‌پرستويي
هنرپيشه,پرستويي
هنرپيشه,معتمدآريا
هنرپيشه,فاطمه‌معتمدآريا
هنرپيشه,سيمين‌معتمدآريا
هنرپيشه,طهماسب
هنرپيشه,ايرج‌طهماسب
هنرپيشه,حميد‌جبلي
هنرپيشه,جبلي
هنرپيشه,حاتمي
هنرپيشه,ليلا‌حاتمي
هنرپيشه,ارجمند
هنرپيشه,داريوش‌ارجمند
هنرپيشه,بهروز‌وثوقي
هنرپيشه,وثوقي
هنرپيشه,جمشيد‌مشايخي
هنرپيشه,مشايخي
هنرپيشه,علو
هنرپيشه,ژاله‌علو
هنرپيشه,محمدعلي‌کشاورز
هنرپيشه,کشاورز
هنرپيشه,داوود‌رشيدي
هنرپيشه,رشيدي
هنرپيشه,علي‌نصيريان
هنرپيشه,نصيريان
هنرپيشه,ثريا‌قاسمي
هنرپيشه,قاسمي
هنرپيشه,نادره
هنرپيشه,حميده‌خيرآبادي
هنرپيشه,خيرآبادي
هنرپيشه,نادره‌خيرآبادي
هنرپيشه,هما‌روستا
هنرپيشه,روستا
هنرپيشه,بهاره‌رهنما
هنرپيشه,رهنما
هنرپيشه,شقايق‌دهقان
پرنده,ماکيان
پرنده,مرغ‌خانگي
پرنده,کلاغ
پرنده,کشکرک
پرنده,فاخته
پرنده,مرغ‌کوکو
پرنده,صلصل
پرنده,هدهد
پرنده,شانه‌سر
پرنده,پوپک
پرنده,مرغ‌سليمان
پرنده,شانه‌به‌سر
پرنده,سار
پرنده,سارنگ
پرنده,بازسان
پرنده,شاهين‌سان
پرنده,يلوه
پرنده,قرقاول
پرنده,ترنگ
پرنده,تذرو
پرنده,خروس‌کوهي
پرنده,تورنگ
پرنده,بحري
پرنده,پليکان
پرنده,مرغ‌سقا
پرنده,مرغ‌عشق
پرنده,کوکو
پرنده,کوکر
پرنده,جغد
پرنده,بوف
پرنده,کوف
پرنده,بيغوش
پرنده,فيسا
پرنده,طاووس
پرنده,هزاردستان
پرنده,بلبل
پرنده,مرغ‌شباهنگ
پرنده,عندليب
پرنده,مرغ‌چمن
پرنده,شباهنگ
پرنده,زاغچه
پرنده,زاغي
پرنده,کلاغ‌جاره
پرنده,کلاغ‌زاغي
پرنده,زاغ
پرنده,مرغ‌باران
پرنده,سليم
پرنده,دم‌جنبانک
پرنده,آبدارک
پرنده,طوطي‌دريايي
پرنده,انجيرخوار
پرنده,مرغ‌انجير
پرنده,پري‌شاهرخ
پرنده,مرغ‌انجيرخوار
پرنده,زنبورخوار
پرنده,مرغ‌زنبورخوار
پرنده,سهره
پرنده,فنچ
پرنده,سبزقبا
پرنده,سبزک
پرنده,سبزه‌قبا
پرنده,کلاغ‌سبز
پرنده,فلامينگو
پرنده,مرغ‌حسيني
پرنده,مرغ‌آتشين
پرنده,مرغ‌آتشي
پرنده,قرقي
پرنده,آبچليک
پرنده,بالابان
پرنده,بلبل‌خرما
پرنده,هما
پرنده,مرغ‌استخوان‌خوار
پرنده,هوبره
پرنده,پرستو
پرنده,غمخورک
پرنده,بوتيمار
پرنده,حواصيل
پرنده,بادخور
پرنده,تليله
پرنده,چرخ‌ريسک
پرنده,چله‌ريسک
پرنده,باشه
پرنده,دليجه
پرنده,کوکابورا
پرنده,جغد‌قهوه‌اي
پرنده,اگرت
پرنده,آبشکاف
پرنده,پيغو
پرنده,چارخو
پرنده,صعوه
پرنده,زيرآبروک
پرنده,مرغ‌زيرآب
پرنده,پنگوئن‌سان
پرنده,ابيا
پرنده,آلباتروس
پرنده,آنقوت
پرنده,قناري
پرنده,کرکس
پرنده,لاشخور
پرنده,نسر
پرنده,شاه‌طوطي
پرنده,توکان
پرنده,شهباز
پرنده,آلوچه‌خورک
پرنده,سسک
پرنده,لک‌لک
پرنده,گلوآبي
پرنده,مگس‌مرغ‌
پرنده,مگس‌خوار
پرنده,مرغ‌مگس‌خوار
پرنده,تاجورک
پرنده,مرغ‌زرين‌پر
پرنده,مرغ‌مگس
پرنده,باکلان
پرنده,سينه‌پهن
پرنده,بي‌تيغه‌
پرنده,درناسان
پرنده,کلنگي
پرنده,دارکوب‌سان
پرنده,مارگردن
پرنده,گاوچرانک
پرنده,سنگ‌چشم
پرنده,طاووسک
پرنده,ديوارخزک
پرنده,ليکو
پرنده,پتروسور
پرنده,غازسان
پرنده,ميش‌مرغ
پرنده,جيجاق
پرنده,بلوط‌خورک
پرنده,تروگون
پرنده,گيلان‌شاه
پرنده,گيلار
پرنده,ديدومک
پرنده,نانکين
پرنده,آراکانا
پرنده,لگرن
پرنده,بانتام
پرنده,برهما
پرنده,کاکاپو
پرنده,باقرقره
پرنده,کفچه‌نوک
پرنده,ميوه‌خور
پرنده,اليکايي
پرنده,بال‌لاکي
پرنده,کاکايي
پرنده,سنگ‌گردان
پرنده,صدف‌خوار
پرنده,زنگوله‌بال
پرنده,ترمتاي
پرنده,پاشلک
پرنده,پپت
پرنده,کورکور
پرنده,دينورنيس
پرنده,آباورنيس
پرنده,کامپيلوگناتوئيدس
پرنده,داروين‌بال
پرنده,طوطي‌کاکادو
پرنده,عسل‌خوار
پرنده,شبگرد
پرنده,توکا
پرنده,توکاي
پرنده,پيغوي
پرنده,ماکائو
پرنده,ماهيخوار
پرنده,ليکوي
پرنده,تيغ‌نوک
پرنده,بي‌پرواز
پرنده,فندق‌شکن
پرنده,زاغ‌خالدار
پرنده,غواص‌سان
پرنده,ياعو
پرنده,مرغ‌نوروزي
پرنده,چوک
پرنده,مرغ‌حق
پرنده,شباويز
پرنده,مرغ‌حق‌گوي
پرنده,کاروانک
پرنده,کاسکو
پرنده,طوطي‌خاکستري
پرنده,ابابيل
پرنده,گنجشک‌سان
پرنده,صدف‌گير
پرنده,مرغ‌صدف‌گير
پرنده,مرغ‌صدف‌خوار
پرنده,مرغ‌ماهي‌خوار
پرنده,مرغ‌چنگي
پرنده,مرغ‌شکاري
پرنده,طوطي
پرنده,کبوترسان
کشور,ايالات‌متحده‌آمريکا
کشور,ايالات‌متحده
کشور,آمريکا
کشور,ينگه‌دنيا
کشور,آلمان
کشور,جمهوري‌فدرال‌آلمان
کشور,سوريه
کشور,جمهوري‌عربي‌سوريه
کشور,اسپانيا
کشور,پادشاهي‌اسپانيا
کشور,ايتاليا
کشور,جمهوري‌ايتاليا
کشور,کانادا
کشور,فرانسه
کشور,جمهوري‌فرانسه
کشور,ترکيه
کشور,جمهوري‌ترکيه
کشور,بلژيک
کشور,پادشاهي‌بلژيک
کشور,هلند
کشور,سوئد
کشور,پادشاهي‌سوئد
کشور,نروژ
کشور,پادشاهي‌نروژ
کشور,سوئيس
کشور,کنفدراسيون‌سوئيس
کشور,روسيه
کشور,فدراسيون‌روسيه
کشور,اتريش
کشور,جمهوري‌اتريش
کشور,ارمنستان
کشور,جمهوري‌ارمنستان
کشور,لهستان
کشور,جمهوري‌لهستان
کشور,مجارستان
کشور,روماني
کشور,اکراين
کشور,اوکراين
کشور,بلاروس
کشور,جمهوري‌بلاروس
کشور,کرواسي
کشور,جمهوري‌کرواسي
کشور,واتيکان
کشور,مقدونيه
کشور,جمهوري‌مقدونيه
کشور,موناکو
کشور,شاهزاده‌نشين‌موناکو
کشور,مراکش
کشور,مغرب
کشور,پادشاهي‌مراکش
کشور,سودان
کشور,جمهوري‌سودان
کشور,ليبي
کشور,دولت‌ليبي
کشور,تونس
کشور,جمهوري‌تونس
کشور,سومالي
کشور,جمهوري‌فدرال‌سومالي
کشور,موريتاني
کشور,جمهوري‌اسلامي‌موريتاني
کشور,الجزاير
کشور,جمهوري‌دموکراتيک‌خلق‌الجزاير
کشور,مصر
کشور,جمهوري‌عربي‌مصر
کشور,يونان
کشور,جمهوري‌يونان
کشور,برزيل
کشور,جمهوري‌فدراتيو‌برزيل
کشور,کامرون
کشور,جمهوري‌کامرون
کشور,کوبا
کشور,جمهوري‌کوبا
کشور,اردن
کشور,پادشاهي‌اردن‌هاشمي
کشور,ماداگاسکار
کشور,جمهوري‌ماداگاسکار
کشور,مکزيک
کشور,ايالات‌متحد‌مکزيک
کشور,يوگوسلاوي
کشور,چچن
کشور,بريتانيا
کشور,پادشاهي‌متحد‌بريتانيا
کشور,پادشاهي‌متحد‌بريتانياي‌کبير‌و‌ايرلند‌شمالي
کشور,پرتغال
کشور,جمهوري‌پرتغال
کشور,بورکينافاسو
کشور,اتيوپي
کشور,حبشه
کشور,جمهوري‌دموکراتيک‌فدرال‌اتيوپي
کشور,اروگوئه
کشور,عربستان
کشور,عربستان‌سعودي
کشور,پادشاهي‌عربستان‌سعودي
کشور,آفريقاي‌جنوبي
کشور,جمهوري‌آفريقاي‌جنوبي
کشور,آنتيگوا‌و‌باربودا
کشور,آندورا
کشور,پادشاهي‌آندورا
کشور,آنگولا
کشور,جمهوري‌آنگولا
کشور,اريتره
کشور,دولت‌اريتره
کشور,استوني
کشور,جمهوري‌استوني
کشور,اسلووني
کشور,جمهوري‌اسلووني
کشور,اکوادور
کشور,جمهوري‌اکوادور
کشور,السالوادور
کشور,جمهوري‌السالوادور
کشور,اوگاندا
کشور,جمهوري‌اوگاندا
کشور,باربادوس
کشور,باهاما
کشور,مشترک‌المنافع‌باهاما
کشور,بنين
کشور,جمهوري‌بنين
کشور,بوتسوانا
کشور,جمهوري‌بوتسوانا
کشور,بوروندي
کشور,جمهوري‌بوروندي
کشور,بوسني‌و‌هرزگووين
کشور,بوليوي
کشور,پاپوآ‌گينه‌نو
کشور,دولت‌مستقل‌پاپوآ‌گينه‌نو
کشور,پاراگوئه
کشور,جمهوري‌پاراگوئه
کشور,پاناما
کشور,جمهوري‌پاناما
کشور,تانزانيا
کشور,جمهوري‌متحد‌تانزانيا
کشور,ترينيداد‌و‌توباگو
کشور,جمهوري‌ترينيداد‌و‌توباگو
کشور,توگو
کشور,جمهوري‌توگو
کشور,تونگا
کشور,پادشاهي‌تونگا
کشور,تووالو
کشور,جامائيکا
کشور,جزاير‌سليمان
کشور,جزاير‌مارشال
کشور,جمهوري‌جزاير‌مارشال
کشور,جمهوري‌چک
کشور,چک
کشور,جيبوتي
کشور,جمهوري‌جيبوتي
کشور,چاد
کشور,جمهوري‌چاد
کشور,دومينيکا
کشور,مشترک‌المنافع‌دومينيکا
کشور,رواندا
کشور,جمهوري‌رواندا
کشور,زامبيا
کشور,جمهوري‌زامبيا
کشور,زيمبابوه
کشور,جمهوري‌زيمبابوه
کشور,زيمباوه
کشور,سائوتومه‌و‌پرنسيپ
کشور,جمهوري‌دموکراتيک‌سائوتومه‌و‌پرنسيپ
کشور,ساحل‌عاج
کشور,جمهوري‌ساحل‌عاج
کشور,ساموآي‌غربي
کشور,ساموآ
کشور,ايالات‌مستقل‌ساموآي‌باختري
کشور,ايالات‌مستقل‌ساموآي‌غربي
کشور,سان‌مارينو
کشور,جمهوري‌سان‌مارينو
کشور,سنت‌کيتس‌ونويس
کشور,فدراسيون‌سنت‌کيتس‌و‌نويس
کشور,سنگال
کشور,جمهوري‌سنگال
کشور,سوازيلند
کشور,پادشاهي‌سوازيلند
کشور,سورينام
کشور,جمهوري‌سورينام
کشور,سيرالئون
کشور,جمهوري‌سيرالئون
کشور,سيشل
کشور,جمهوري‌سيشل
کشور,شيلي
کشور,جمهوري‌شيلي
کشور,فيجي
کشور,جمهوري‌فيجي
کشور,کلمبيا
کشور,جمهوري‌کلمبيا
کشور,کنيا
کشور,جمهوري‌کنيا
کشور,کومور
کشور,اتحاديه‌کومور
کشور,کيپ‌ورد
کشور,جمهوري‌کيپ‌ورد
کشور,دماغه‌سبز
کشور,کاپ‌ورد
کشور,کيريباتي
کشور,جمهوري‌کيريباتي
کشور,گابن
کشور,جمهوري‌گابن
کشور,گامبيا
کشور,جمهوري‌گامبيا
کشور,گرنادا
کشور,گرينلند
کشور,گويان
کشور,جمهوري‌تعاوني‌گويان
کشور,تعاوني‌جمهوري‌گويان
کشور,گايانا
کشور,گينه
کشور,جمهوري‌گينه
کشور,گينه‌استوايي
کشور,جمهوري‌گينۀ‌استوايي
کشور,گينه‌بيسائو
کشور,جمهوري‌گينه‌بيسائو
کشور,لتوني
کشور,جمهوري‌لتوني
کشور,لاتويا
کشور,لتلند
کشور,لسوتو
کشور,پادشاهي‌لسوتو
کشور,ليبريا
کشور,جمهوري‌ليبريا
کشور,ليتواني
کشور,جمهوري‌ليتواني
کشور,ليختنشتاين
کشور,شاهزاده‌نشين‌ليختن‌اشتاين
کشور,مالاوي
کشور,جمهوري‌مالاوي
کشور,مالت
کشور,جمهوري‌مالت
کشور,مالي
کشور,جمهوري‌مالي
کشور,موريس
کشور,جمهوري‌موريس
کشور,جزيره‌موريس
کشور,موزامبيک
کشور,جمهوري‌موزامبيک
کشور,مولداوي
کشور,جمهوري‌مولداوي
کشور,ميکرونزي
کشور,ايالات‌فدرال‌ميکرونزي
کشور,نائورو
کشور,جمهوري‌نائورو
کشور,ناميبيا
کشور,جمهوري‌ناميبيا
کشور,نپال
کشور,جمهوري‌دموکراتيک‌فدرال‌نپال
کشور,نيجر
کشور,جمهوري‌نيجر
کشور,نيجريه
کشور,جمهوري‌فدرال‌نيجريه
کشور,نيکاراگوآ
کشور,جمهوري‌نيکاراگوئه
کشور,نيکاراگوئه
کشور,وانواتو
کشور,جمهوري‌وانواتو
کشور,ونزوئلا
کشور,جمهوري‌بوليواري‌ونزوئلا
کشور,هائيتي
کشور,جمهوري‌هائيتي
کشور,هندوراس
کشور,جمهوري‌هندوراس
کشور,زلاندنو
کشور,نيوزيلند
کشور,اسکاتلند
کشور,صربستان
کشور,جمهوري‌صربستان
کشور,قبرس
کشور,جمهوري‌قبرس
کشور,نامبيا
کشور,جمهوري‌دومينيکن
کشور,دومينيکن
کشور,کاستاريکا
کشور,جمهوري‌کاستاريکا
کشور,فنلاند
کشور,جمهوري‌فنلاند
کشور,بليز
کشور,سنت‌لوسيا
کشور,سن‌لوشيا
کشور,سنت‌وينسنت‌و‌گرنادين
کشور,اسلواکي
کشور,جمهوري‌اسلواکي
کشور,مشترک‌المنافع‌استراليا
کشور,استراليا
کشور,لوکزامبرگ
کشور,لوکزامبورگ
کشور,دوک‌نشين‌اعظم‌لوکزامبورگ
کشور,مونته‌نگرو
کشور,سودان‌جنوبي
کشور,جمهوري‌سودان‌جنوبي
کشور,پادشاهي‌بوتان
کشور,بوتان
کشور,جمهوري‌دموکراتيک‌کنگو
کشور,کنگودموکراتيک
کشور,پالائو
کشور,جمهوري‌پالائو
کوه,صفا
کوه,قاف
کوه,اورست
کوه,ساگارماتا
کوه,کومولانگما
کوه,مروه
کوه,طور‌سينا
کوه,سينا
کوه,الوند
کوه,توچال
کوه,آرارات
کوه,علم‌کوه
کوه,تفتان
کوه,بينالود
کوه,کرکس
کوه,رينر
کوه,المپوس
کوه,بيستون
کوه,احد
ماشین,آمبولانس
ماشین,بيماربر
ماشین,ابوقراضه
ماشین,ابوطياره
ماشین,قارقارک
ماشین,تاکسي
ماشین,لندروور
ماشین,جيپ
ماشین,شخصي
ماشین,سرويس
ماشین,سرويس
ماشین,ماشين‌سواري
ماشین,ريو
ماشین,لانسر
ماشین,لنسر
ماشین,پرايد
ماشین,روآ
ماشین,تيبا
ماشین,پي‌کي
ماشین,رانا
ماشین,سدان
ماشین,هاچ‌بک
ماشین,ميني‌ون
ماشین,رودستر
ماشین,اسپايدر
ماشین,مزدا6
ماشین,هيونداي‌آوانته
ماشین,آوانته
ماشین,ميني
ماشین,ترامونتانا
ماشین,دنا
ماشین,هيلمن‌هانتر
ماشین,پيکان
ماشین,فولکس‌قورباغه‌اي
ماشین,فولکس‌بيتل
ماشین,فولکس‌واگن‌بيتل
ماشین,قورباغه‌اي
ماشین,اوپل
ماشین,ماشين‌اوپل
ماشین,خودروي‌روباتيک
ماشین,خودروي‌خودگردان
ماشین,خودروي‌خودران
ماشین,خودروي‌بي‌راننده
ماشین,ماشين‌استيشن
ماشین,استيشن
ماشین,استيشن‌واگن
ماشین,آهن‌پاره
ماشین,نعش‌کش
ماشین,ماشين‌نعش‌کش
ماشین,۴۰۵
ماشین,پژو‌۴۰۵
ماشین,سيتروئن‌زانتيا
ماشین,۲۰۶
ماشین,پژو‌۲۰۶
ماشین,سورن
ماشین,سمند‌سورن
ماشین,ژيان
ماشین,سيتروئن‌ژيان
ماشین,دوو‌سيلو
ماشین,رنجرور
ماشین,۴۰۷
ماشین,پژو‌۴۰۷
ماشین,قشقايي
ماشین,نيسان‌قشقايي
ماشین,کامارو
ماشین,شورلت‌کامارو
ماشین,شورولت‌کامارو
ماشین,ماتيز
ماشین,دوو‌ماتيز
ماشین,مزدا‌۳
ماشین,۲۰۸
ماشین,پژو‌۲۰۸
ماشین,مگان
ماشین,رنو‌مگان
ماشین,اسپرو
ماشین,دوو‌اسپرو
ماشین,سانتافه
ماشین,هيونداي‌سانتافه
ماشین,۲۰۵
ماشین,پژو‌۲۰۵
ماشین,رنو‌۵
ماشین,فولکس‌واگن‌گل
ماشین,آزرا
ماشین,هيونداي‌آزرا
ماشین,۲۰۷
ماشین,پژو‌۲۰۷
ماشین,ماکسيما
ماشین,نيسان‌ماکسيما
ماشین,فستيوا
ماشین,فورد‌فستيوا
ماشین,جنسيس‌کوپه
ماشین,هيونداي‌جنسيس‌کوپه
ماشین,۳۰۱
ماشین,پژو‌۳۰۱
ماشین,کاديلاک‌سويل
ماشین,سويل
ماشین,پژو‌۶۰۷
ماشین,۶۰۷
ماشین,مرسدس‌بنز‌کلاس‌جي
ماشین,بنز‌کلاس‌جي
ماشین,سري‌۷
ماشین,پورشه‌کاررا‌جي‌تي
ماشین,کاررا‌جي‌تي
ماشین,مرسدس‌بنز‌کلاس‌اس
ماشین,کلاس‌اس
ماشین,شورولت‌رويال
ماشین,پژو‌۴۰۸
ماشین,۴۰۸
ماشین,شورولت‌سلبريتي
ماشین,سلبريتي
ماشین,هيونداي‌جنسيس
ماشین,جنسيس
ماشین,پژو‌۳۰۶
ماشین,۳۰۶
ماشین,تويوتا‌کورولا
ماشین,کورولا
ماشین,اوپل‌سوپر‌سيکس
ماشین,سوپر‌سيکس
ماشین,پژو‌۲۰۰۸
ماشین,۲۰۰۸
ماشین,فورد‌مدل‌تي
ماشین,مدل‌تي
ماشین,پژو‌۳۰۸
ماشین,۳۰۸
ماشین,رولزرويس‌فانتوم‌کوپه
ماشین,فانتوم‌کوپه
ماشین,پژو‌۳۰۹
ماشین,۳۰۹
ماشین,ب‌ام‌و‌ايکس۶
ماشین,ايکس۶
ماشین,تندر‌۹۰
ماشین,پژو‌۳۰۰۸
ماشین,۳۰۰۸
ماشین,ب‌ام‌و‌سري‌۳
ماشین,مرسدس‌بنز‌اي‌ام‌جي‌جي‌تي
ماشین,بنز‌اي‌ام‌جي‌جي‌تي
ماشین,پژو‌۵۰۰۸
ماشین,پژو‌۲۰۶‌دبيلوآرسي
ماشین,۲۰۶‌دبيلوآرسي
ماشین,پورشه‌۹۱۱
ماشین,شورلت‌ولت
ماشین,نيسان‌تينا
ماشین,تينا
ماشین,پروتون‌جن-۲
ماشین,جن-۲
ماشین,لکسوس‌ال‌اس
ماشین,ال‌اس
ماشین,مرسدس‌بنز‌اس‌ال‌کا
ماشین,بنز‌اس‌ال‌کا
ماشین,پژو‌۴۰۰۷
ماشین,فورد‌جي‌تي
ماشین,جي‌تي
ماشین,نيسان‌اکسترا
ماشین,اکسترا
ماشین,پژو‌۱۰۰۷
ماشین,تويوتا‌مگاکروزر
ماشین,مگاکروزر
ماشین,پژو‌اکسپرت
ماشین,اکسپرت
ماشین,مرسدس‌بنز‌سي‌ال‌اس
ماشین,بنز‌سي‌ال‌اس
ماشین,مرسدس‌بنز‌اسپرينتر
ماشین,بنز‌اسپرينتر
ماشین,اوپل‌کورسا
ماشین,کورسا
ماشین,فيات‌سينا
ماشین,تويوتا‌کمري‌سولارا
ماشین,کمري‌سولارا
ماشین,ميتسوبيشي‌لنسر‌اوولوشن
ماشین,لنسر‌اوولوشن
ماشین,کاديلاک‌اسکليد
ماشین,اسکليد
ماشین,پورشه‌ماکان
ماشین,ماکان
ماشین,نيسان‌فرانتير
ماشین,فرانتير
ماشین,ليفان‌ايکس۶۰
ماشین,ايکس۶۰
ماشین,پژو‌۲۰۴
ماشین,۲۰۴
ماشین,چري‌اي۵
ماشین,ميتسوبيشي‌گالانت
ماشین,گالانت
ماشین,فورد‌فيستا
ماشین,فيستا
ماشین,سيتروئن‌مهاري
ماشین,مهاري
ماشین,سوزوکي‌اس‌ايکس۴
ماشین,اس‌ايکس۴
ماشین,مرسدس‌بنز‌۱۹۰اس‌ال
ماشین,بنز‌۱۹۰اس‌ال
ماشین,سري‌۱
ماشین,مزدا‌سري‌بي
ماشین,سري‌بي
ماشین,چري‌اي۱۳
ماشین,فيات‌پاندا
ماشین,مرسدس‌بنز‌اس‌اس‌کي
ماشین,مرسدس‌بنز‌جي‌ال‌اي
ماشین,پژو‌۵سي‌وي
ماشین,تويوتا‌ام‌آر۲
ماشین,تويوتا‌توندرا
ماشین,توندرا
ماشین,تويوتا‌۲۰۰۰جي‌تي
ماشین,هوندا‌سيويک‌هيبريد
ماشین,نيسان‌ليف
ماشین,مرسدس‌بنز‌دبليو۱۱۱
ماشین,مرسدس‌بنز‌کلاس-سي‌ال‌کا
ماشین,پژو‌۳۰۲
ماشین,تويوتا‌افجي‌کرويزر
ماشین,افجي‌کرويزر
ماشین,تويوتا‌ورسو
ماشین,ورسو
ماشین,پژو‌۲۰۲
ماشین,اوپل‌کاليبره
ماشین,کاليبره
ماشین,مازراتي‌کوپه
ماشین,تويوتا‌آوالن
ماشین,آوالن
ماشین,لامبورگيني‌سيلوت
ماشین,سيتروئن‌جي‌اس
ماشین,هيوندايي‌الانترا
ماشین,الانترا
ماشین,تويوتا‌ياريس‌ورسو
ماشین,ياريس
ماشین,ب‌ام‌و‌ام۱
ماشین,ام۱
ماشین,هيونداي‌سوناتا
ماشین,سوناتا
ماشین,تويوتا‌فورچونر
ماشین,فورچونر
ماشین,مرسدس‌بنز‌ويتو
ماشین,ويتو
ماشین,هيوندايي‌ولاستر
ماشین,ولاستر
ماشین,مرسدس‌بنز‌دبليو۱۱۳
ماشین,مرسدس‌بنز‌واريو
ماشین,ب‌ام‌و‌زد۸
ماشین,زد۸
ماشین,بي‌ام‌دبليو‌ايکس‌۴
ماشین,ايکس‌۴
ماشین,تويوتا‌کورولا‌اسپيسيو
ماشین,ب‌ام‌و‌ام۶
ماشین,ام۶
ماشین,ميتسوبيشي‌آوت‌لندر
ماشین,آوت‌لندر
ماشین,مزدا‌ام‌ايکس-۵
ماشین,فيات‌کوپه
ماشین,کيا‌سراتو‌کوپه
ماشین,سراتو
ماشین,هيوندايي‌اکسنت
ماشین,اکسنت
ماشین,ميتسوبيشي‌پاجرو‌ميني
ماشین,پاجرو
ماشین,ب‌ام‌و‌زد۳
ماشین,زد۳
ماشین,رنو‌اسپيس
ماشین,فيات‌پانوراما
ماشین,ميتسوبيشي‌ميني‌کب
ماشین,ميني‌کب
ماشین,ب‌ام‌و‌زد۱
ماشین,زد۱
ماشین,هوندا‌کراسرود
ماشین,کراسرود
ماشین,کيا‌اوپتيما
ماشین,اوپتيما
ماشین,نيسان‌کريو
ماشین,کريو
ماشین,ب‌ام‌و‌۵۰۷
ماشین,جيلي‌بي‌ال
ماشین,بي‌ال
ماشین,تويوتا‌شهرپيما
ماشین,آئودي‌اس۳
ماشین,ب‌ام‌و‌آي۸
ماشین,ايسوزو‌گالا
ماشین,هيونداي‌کوپه
ماشین,هيونداي‌اس‌کوپه
ماشین,اس‌کوپه
ماشین,تعميرکار‌خودرو
ماشین,راننده‌کاميون
ماشین,مسافرکشي
ماشین,ماشين‌عروس
ماشین,ليموزين
ماشین,رنو‌ساندرو
ماشین,داچيا‌ساندرو
ماشین,رنو‌کپچر
ماشین,رنو‌سافران
ماشین,رنو‌جي‌تي‌اي
ماشین,رنو‌داستر
ماشین,رنو‌جاواکواترو
ماشین,رنو‌لاگونا
ماشین,ابرخودرو
ماشین,ابرماشين
ماشین,خودرو‌روباز
ماشین,خودرو‌کروکي
ماشین,کابريو
ماشین,کانورتبل
ماشین,بليزر
ماشین,شورولت‌کي۵‌بليزر
ماشین,شورولت‌بليزر
ماشین,آژانس
ماشین,تاکسي‌تلفني
ماشین,فرمول‌يک
ماشین,خودروي‌فرمول‌يک
ماشین,پژو‌504
ماشین,504
خشکي‌زمين,اروپا
خشکي‌زمين,قاره‌اروپا
خشکي‌زمين,آسيا
خشکي‌زمين,قاره‌آسيا
خشکي‌زمين,آفريقا
خشکي‌زمين,قاره‌آفريقا
خشکي‌زمين,آمريکا
خشکي‌زمين,قاره‌آمريکا
خشکي‌زمين,استراليا
خشکي‌زمين,قاره‌استراليا
خشکي‌زمين,اقيانوسيه
خشکي‌زمين,قاره‌اقيانوسيه
خشکي‌زمين,جنوبگان
خشکي‌زمين,قاره‌جنوبگان
خشکي‌زمين,آمريکاي‌جنوبي
خشکي‌زمين,آمريکاي‌شمالي
خشکي‌زمين,اوراسيا
خشکي‌زمين,لوراسيا
سياره,کره‌زمين
سياره,زمين
سياره,دنيا
سياره,کره‌خاکي
سياره,دنياي‌خاکي
سياره,تير
سياره,عطارد
سياره,اورانوس
سياره,زهره
سياره,ناهيد
سياره,ونوس
سياره,زحل
سياره,کيوان
سياره,مريخ
سياره,بهرام
سياره,نپتون
سياره,برجيس
سياره,مشتري
سياره,هرمز
سياره,ژوپيتر
اقيانوس,اطلس
اقيانوس,آتلانتيک
غذا,فست‌فود
غذا,پاته
غذا,پاته
غذا,پاستا
غذا,پيراشکي
غذا,طاس‌کباب
غذا,خوراک‌طاس‌کباب
غذا,کوکو
غذا,کوفته
غذا,حاضري
غذا,تريد
غذا,تليت
غذا,تريت
غذا,پلو
غذا,چلو
غذا,چلوخورشت
غذا,پلوخورشت
غذا,پلوخورش
غذا,چلوکباب
غذا,برياني
غذا,سبزي‌پلوماهي
غذا,کله‌پاچه
غذا,دلمه
غذا,نرگسي
غذا,گل‌درچمن
غذا,جغور‌بغور
غذا,واويشکا
غذا,حميسه
غذا,قابلي
غذا,ميرزاقاسمي
غذا,بيف‌استراگانف
غذا,حليم‌بادمجان
غذا,شابوشابو
غذا,ته‌چين
غذا,چکدرمه
غذا,آفليا
غذا,هويج‌پلو
غذا,کشک‌بادمجان
غذا,والک‌پلو
غذا,استيک
غذا,بيفتک
غذا,ماکاروني
غذا,چشم
غذا,ته‌ديگ
غذا,برياني
غذا,بريان
غذا,لازانيا
غذا,کباب
غذا,خورش
غذا,خورشت
غذا,ژيگو
غذا,پوت
غذا,ماحضر
غذا,شنيسل‌مرغ
غذا,کلم‌پلو
غذا,مخلفات
غذا,پاخوراکي
غذا,گزانگبين
غذا,انگبين‌گون
غذا,من
غذا,کتلت
غذا,شامي
غذا,شامي‌کباب
غذا,کله‌گنجشکي
غذا,گوشت‌قلقلي
غذا,سرگنجشکي
غذا,کال‌کباب
غذا,کل‌کباب
غذا,لونگي
غذا,شنيتسل
غذا,شنسل
غذا,شنيسل
غذا,ماهي‌شور
غذا,ابريشم‌کباب
غذا,يتيمچه
غذا,يتيمک
غذا,راويولي
غذا,شنيسل‌گوشت
غذا,مرغ‌پلو
غذا,گيپا
غذا,دلمه‌سيرابي
غذا,کمکي
غذا,ساشي‌مي
غذا,ناگت
غذا,شاتوبريان
غذا,کشمش‌پلو
نوشيدني,مشروب‌الکلي
نوشيدني,مشروب
نوشيدني,مسکر
نوشيدني,الکل
نوشيدني,آب‌شنگولي
نوشيدني,زهرماري
نوشيدني,نجسي
نوشيدني,قهوه
نوشيدني,چاي
نوشيدني,چايي
نوشيدني,شير
نوشيدني,لبن
نوشيدني,نوشابه
نوشيدني,آب
نوشيدني,افشره
نوشيدني,کنسانتره
نوشيدني,اب‌افشره
نوشيدني,کنستانتره
نوشيدني,افشرده
نوشيدني,مايه‌حيات
نوشيدني,آب‌شرب
نوشيدني,آب
نوشيدني,سکنجبين
نوشيدني,سکنگبين
نوشيدني,سرکنگبين
نوشيدني,سرکه‌انگبين
نوشيدني,آب‌قند
نوشيدني,قنداب
نوشيدني,شربت‌قند
نوشيدني,قندداغ
نوشيدني,شيرقهوه
نوشيدني,شيرکاکائو
نوشيدني,شيرموز
نوشيدني,دوغ
نوشيدني,ليموناد
نوشيدني,آب‌ميوه
نوشيدني,آب
نوشيدني,افشره
نوشيدني,عصاره
نوشيدني,موهيتو
نوشيدني,موخيتو
نوشيدني,شير‌سويا
نوشيدني,دمنوش
نوشيدني,دم‌کرده
نوشيدني,نبات‌داغ
نوشيدني,شربت
نوشيدني,آب‌آلبالو
نوشيدني,فقاع
نوشيدني,ماءالشعير
نوشيدني,آبجوي‌حلال
نوشيدني,آبجوي‌غيرالکلي
نوشيدني,فوگان
نوشيدني,شراب‌سيب
نوشيدني,سيباب
نوشيدني,سيدر
نوشيدني,هات‌چاکلت
نوشيدني,شکلات‌داغ
نوشيدني,ميلک‌شيک
نوشيدني,اسموتي
نوشيدني,آب‌آشاميدني
نوشيدني,آب‌خوردن
نوشيدني,چاي‌آلبالو
نوشيدني,دمنوش‌آلبالو
نوشيدني,کفير
نوشيدني,دتاکس‌واتر
نوشيدني,آب‌طعم‌دار
دارو,مسکن
دارو,ضد‌درد
دارو,آرام‌بخش
دارو,کات
دارو,زاج
دارو,آلوم
دارو,علاج
دارو,درمان
دارو,قرص
دارو,آنتي‌بيوتيک
دارو,پادزيست
دارو,پادزيو
دارو,چرک‌خشک‌کن
دارو,تباشير
دارو,سرم
دارو,مسهل
دارو,کارکن
دارو,سدر
دارو,نوش‌دارو
دارو,ضدعفوني‌کننده
دارو,گندزدا
دارو,انسولين
دارو,پلاسيبو
دارو,شبه‌دارو
دارو,اکستازي
دارو,اکس
دارو,ام‌دي‌ام‌اي
دارو,متيل‌دي‌اکسيد‌متاآمفتامين
دارو,قرص‌اکس
دارو,آنتي‌هيستامين
دارو,شياف
دارو,تونيک
دارو,مکمل‌غذايي
دارو,شربت
دارو,تنقيه
دارو,حقنه
دارو,زيست‌دارو
دارو,بتامتازون
دارو,بيحس‌کننده
دارو,بيحس‌کننده‌موضعي
دارو,پروپرانولول
دارو,پرانول
دارو,گنه‌گنه
دارو,قرص‌دراگون
دارو,دراگون
دارو,ضدالتهاب
دارو,نورونتين
دارو,گاباپنتين
دارو,زوويراکس
دارو,اسيکلووير
دارو,آلندرونيت
دارو,فوسامکس
دارو,آلوپورينول
دارو,زيلوريک
دارو,زيلوپريم
دارو,بازدارنده‌رگ‌زايي
دارو,مهار‌رگ‌زايي
دارو,ضد‌آريتمي
دارو,آنتي‌کولينرژيک
دارو,ضدافسردگي
دارو,ضد‌ديابت
دارو,ماده‌نيروزا
دارو,ضدادراري
دارو,پادپيشابي
دارو,ضد‌تهوع
دارو,کاهنده‌فشارخون
دارو,تب‌بر
دارو,ضدويروس
دارو,آزاتيوپرين
دارو,مسدودکننده‌کلسيم
دارو,بلوک‌کننده‌کلسيم
دارو,کارميناتيف
دارو,کلوفيبرات
دارو,ضد‌احتقان
دارو,ضداحتقان‌بيني
دارو,جم‌فيبروزيل
دارو,لپيد
دارو,هماتينيک
دارو,سرکوب‌کننده‌سيستم‌ايمني
دارو,ماده‌استنشاقي
دارو,کفلمه
دارو,نسخه
دارو,سايمتيدين
دارو,تاگامت
دارو,تنتور
دارو,واليوم
دارو,ديازپام
پل,سي‌و‌سه‌پل
کتاب,گلستان‌سعدي
کتاب,گلستان
کتاب,بوستان‌سعدي
کتاب,بوستان
کتاب,سعدي‌نامه
کتاب,نهج‌البلاغه
کتاب,آدم‌سازي
کتاب,بحارالانوار
کتاب,بحار‌الأنوار‌الجامعة‌لدُرر‌اخبار‌الائمة‌الاطهار
کتاب,کافي
کتاب,الکافي
کتاب,تهذيب‌الاحکام
کتاب,تهذيب
کتاب,استبصار
کتاب,الاستبصار
کتاب,الاستبصار‌فيما‌اختلف‌من‌الاخبار
کتاب,من‌لايحضره‌الفقيه
کتاب,تفسير‌نمونه
کتاب,مجمع‌البيان
کتاب,مجمع‌البيان‌في‌تفسيرالقرآن
کتاب,روضةالشهدا
کتاب,روضة‌الصفا
کتاب,روضةالصفا‌في‌سيرة‌الانبياء‌و‌الملوک‌و‌الخلفاء
کتاب,علم‌منطق
کتاب,امثال‌وحکم
کتاب,نصيحت‌الملوک
کتاب,نصيحت‌نامه
کتاب,قابوس‌نامه
کتاب,کيمياي‌سعادت
کتاب,احياء‌العلوم
کتاب,احياء‌علوم‌الدين
کتاب,زادالمسافرين
کتاب,غررالحکم‌و‌دررالکلم
کتاب,جمهور
کتاب,جمهوريت
پوشاک,پيراهن‌مردانه
پوشاک,کت‌و‌دامن
پوشاک,کت‌دامن
پوشاک,کسوت
پوشاک,پوشش‌ويژه
پوشاک,لباس‌ويژه
پوشاک,لباس‌مخصوص
پوشاک,بالاپوش
پوشاک,پيرهن
پوشاک,پيراهن
پوشاک,قميص
پوشاک,دامن
پوشاک,دامان
پوشاک,لباس‌زير
پوشاک,پوشش‌سر
پوشاک,سرآذين
پوشاک,روسري
پوشاک,چارقد
پوشاک,لچک
پوشاک,معجر
پوشاک,باشامه
پوشاک,شلوار
پوشاک,شال
پوشاک,شال‌گردن
پوشاک,پالتو
پوشاک,اورکت
پوشاک,دستمال‌گردن
پوشاک,مايو
پوشاک,لباس‌شنا
پوشاک,پوشک
پوشاک,لاستيکي
پوشاک,بافتني
پوشاک,پليور
پوشاک,بافت
پوشاک,پلوور
پوشاک,چپيه
پوشاک,کوفيه
پوشاک,چفيه
پوشاک,پيراهن‌خواب
پوشاک,رب‌دوشامبر
پوشاک,کاپشن
پوشاک,بلوز
پوشاک,بليز
پوشاک,گان
پوشاک,روپوش
پوشاک,سدره
پوشاک,لباس‌استتار
پوشاک,لباس‌کار
پوشاک,قنداق
پوشاک,قماط
پوشاک,جليقه
پوشاک,ژيله
پوشاک,ژيلت
پوشاک,تنکه
پوشاک,شلوارک
پوشاک,تاپ
پوشاک,دامن‌شلواري
پوشاک,لباس‌خواب
پوشاک,سويشرت
پوشاک,جوراب‌شلواري
پوشاک,ساق
پوشاک,ساق‌دست
پوشاک,مچ‌پوش
پوشاک,شال
پوشاک,سرهمي
پوشاک,کيمونو
پوشاک,يونيفورم
پوشاک,لباس‌فرم
پوشاک,اونيفرم
پوشاک,هم‌سانه
پوشاک,زيرسارافوني
پوشاک,سارافون
پوشاک,لباس‌مردانه
پوشاک,لباس‌زنانه
پوشاک,گرمکن‌ورزشي
پوشاک,گرمکن
پوشاک,لباس‌خانه
پوشاک,لباس‌راحتي
پوشاک,لباس‌رسمي
پوشاک,لباس‌مبدل
پوشاک,لباس‌پلوخوري
پوشاک,ساق‌پوش
پوشاک,گتر
پوشاک,لباس‌فضايي
پوشاک,لباس‌فضانوردي
پوشاک,امو
پوشاک,نيم‌تنه
پوشاک,لباس‌عزا
پوشاک,رخت‌عزا
پوشاک,لباس‌سياه
پوشاک,طيلسان
پوشاک,خز
پوشاک,تريج
پوشاک,زيردامني
پوشاک,کهنه‌بچه
پوشاک,کهنه
پوشاک,رخت‌چرک
پوشاک,سرانداز
پوشاک,اشارپ
کامپيوتر,ابررايانه
کامپيوتر,ابرکامپيوتر
کامپيوتر,لپ‌تاپ
کامپيوتر,رايانه‌ي‌کيفي
کامپيوتر,رايانۀ‌همراه
کامپيوتر,تست‌نرم‌افزار
کامپيوتر,تبلت
کامپيوتر,رايانه‌تخت
کامپيوتر,رايانک
کامپيوتر,رايانه‌لوحي
کامپيوتر,لوح‌رايانه
کامپيوتر,کارخواه
کامپيوتر,سرويس‌گيرنده
کامپيوتر,رايانه‌ي‌شخصي
کامپيوتر,پي‌سي
کامپيوتر,رايانۀ‌روميزي
کامپيوتر,ميکروکامپيوتر
کامپيوتر,رايانۀ‌قياسي
کامپيوتر,رايانۀ‌آنالوگ
کامپيوتر,ميني‌کامپيوتر
کامپيوتر,ميني‌پي‌سي
کامپيوتر,رايانه‌کوانتومي
کامپيوتر,وبگاه
کشتي,ناو
کشتي,ناو‌جنگي
کشتي,رزم‌ناو
کشتي,کرو
کشتي,نفت‌کش
کشتي,تانکر‌نفت‌کش
کشتي,مين‌جمع‌کن
کشتي,مين‌روب
کشتي,ناو‌يدک‌کش
بحر,درياي‌بالتيک
بحر,درياي‌مديترانه
بحر,درياي‌سرخ
بحر,درياي‌احمر
بحر,درياي‌قلزم
بحر,درياي‌سوف
بحر,درياي‌عمان
بحر,درياي‌عرب
بحر,خليج‌عمان
بحر,درياي‌مکران
بحر,درياي‌اخضر
بحر,درياي‌کارائيب
بحر,درياي‌آنتيل
بحر,درياي‌سياه
بحر,درياي‌اژه
بحر,درياي‌آدرياتيک
بحر,درياي‌مرمره
بحر,درياي‌جنوبي‌چين
بحر,درياي‌چين‌شرقي
بحر,درياي‌فيليپين
بحر,درياي‌شمال
بحر,درياي‌ژاپن
بحر,درياي‌شرق
بحر,درياي‌زرد
بحر,درياي‌آرافورا
بحر,درياي‌مرجان
بحر,درياي‌کورال
بحر,خليج‌بافين
بحر,خليج‌بافن
بحر,درياي‌عرب
وسيله‌الکترونيکي,گالوانومتر
وسيله‌الکترونيکي,مانيتور
وسيله‌الکترونيکي,نمايشگر
وسيله‌الکترونيکي,صفحه‌نمايش
وسيله‌الکترونيکي,نمايش‌دهنده
وسيله‌الکترونيکي,صفحه‌نمايش‌کامپيوتر
وسيله‌الکترونيکي,اسکرين
وسيله‌الکترونيکي,بيسيم
وسيله‌الکترونيکي,واکي‌تاکي
وسيله‌الکترونيکي,تاکي‌واکي
وسيله‌الکترونيکي,باتري‌خورشيدي
وسيله‌الکترونيکي,سلول‌خورشيدي
وسيله‌الکترونيکي,سلول‌فتوولتائيک
وسيله‌الکترونيکي,پيل‌آفتابي
وسيله‌الکترونيکي,پيل‌خورشيدي
وسيله‌الکترونيکي,باطري‌آفتابي
وسيله‌الکترونيکي,سلول‌آفتابي
وسيله‌الکترونيکي,کارت‌خوان
وسيله‌الکترونيکي,پوز
وسيله‌الکترونيکي,پايانه‌فروش
وسيله‌الکترونيکي,دستگاه‌پايانه‌فروش
وسيله‌الکترونيکي,آداپتور
وسيله‌الکترونيکي,آب‌سردکن
وسيله‌الکترونيکي,فن‌کوئل
وسيله‌الکترونيکي,اسکنر
وسيله‌الکترونيکي,پويشگر
وسيله‌الکترونيکي,خازن
وسيله‌الکترونيکي,آوابر
وسيله‌الکترونيکي,آيفون
وسيله‌الکترونيکي,اف‌اف
وسيله‌الکترونيکي,دربازکن
وسيله‌الکترونيکي,موشواره
وسيله‌الکترونيکي,موس
وسيله‌الکترونيکي,ماوس
وسيله‌الکترونيکي,موشي
وسيله‌الکترونيکي,تيوپ
وسيله‌الکترونيکي,تيوب
وسيله‌الکترونيکي,پيس‌ميکر‌مصنوعي
وسيله‌الکترونيکي,ضربان‌ساز
وسيله‌الکترونيکي,پيس‌ميکر
وسيله‌الکترونيکي,باتري‌قلب
وسيله‌الکترونيکي,دستگاه‌ضربانساز‌قلب
وسيله‌الکترونيکي,قلم‌نوري
وسيله‌الکترونيکي,اکسيژن‌ساز
وسيله‌الکترونيکي,دستگاه‌اکسيژن‌ساز
وسيله‌الکترونيکي,تارلرزه‌بر
وسيله‌الکترونيکي,دفيبريلاتور
وسيله‌الکترونيکي,الکتروشوک
وسيله‌الکترونيکي,دستگاه‌شوک‌غيرهماهنگ
وسيله‌الکترونيکي,الکتروشوک‌قلبي
وسيله‌الکترونيکي,لامپ‌خلأ
وسيله‌الکترونيکي,لامپ‌الکتروني
وسيله‌الکترونيکي,تيوب‌الکترون
وسيله‌الکترونيکي,لامپ‌گرمايوني
وسيله‌الکترونيکي,پيغام‌گير
وسيله‌الکترونيکي,پيام‌گير
وسيله‌الکترونيکي,منشي‌تلفني
وسيله‌الکترونيکي,ال‌سي‌دي
وسيله‌الکترونيکي,LCD
وسيله‌الکترونيکي,نمايشگر‌کريستال‌مايع
وسيله‌الکترونيکي,بارکدخوان
وسيله‌الکترونيکي,رمزينه‌خوان
وسيله‌الکترونيکي,سيگار‌الکترونيکي
وسيله‌الکترونيکي,سيگار‌برقي
زيرانداز,مائده
زيرانداز,خوان
زيرانداز,سفره
زيرانداز,دستارخوان
زيرانداز,سماط
زيرانداز,پخم
زيرانداز,تخته‌پوست
زيرانداز,پالان
زيرانداز,جل
زيرانداز,جاجيم
زيرانداز,سجاده
زيرانداز,تشکچه
زيرانداز,بوريا
زيرانداز,حصير
زيرانداز,فرش
زيرانداز,قالي
زيرانداز,زيلو
زيرانداز,زيرسفره‌اي
زيرانداز,زيرسفره
ميوه‌خوراکي,سيو
ميوه‌خوراکي,سيب
ميوه‌خوراکي,تفاح
ميوه‌خوراکي,آلمه
ميوه‌خوراکي,رطب
ميوه‌خوراکي,خرما
ميوه‌خوراکي,تمر
ميوه‌خوراکي,سفرجل
ميوه‌خوراکي,به
ميوه‌خوراکي,هلو
ميوه‌خوراکي,امرود
ميوه‌خوراکي,گلابي
ميوه‌خوراکي,گوجه
ميوه‌خوراکي,انار
ميوه‌خوراکي,نار
ميوه‌خوراکي,انگور
ميوه‌خوراکي,زالزالک
ميوه‌خوراکي,کيالک
ميوه‌خوراکي,مرکبات
ميوه‌خوراکي,آلبالو
ميوه‌خوراکي,خربزه
ميوه‌خوراکي,چغاله
ميوه‌خوراکي,زرشک
ميوه‌خوراکي,اترار
ميوه‌خوراکي,زردآلو
ميوه‌خوراکي,آلو
ميوه‌خوراکي,درخت‌آلو
ميوه‌خوراکي,گوجه‌سبز
ميوه‌خوراکي,خشکبار
ميوه‌خوراکي,خشکه‌بار
ميوه‌خوراکي,آووکادو
ميوه‌خوراکي,گلابي‌تمساح
ميوه‌خوراکي,ازگيل
ميوه‌خوراکي,کندس
ميوه‌خوراکي,کنوس
ميوه‌خوراکي,خرمالو
ميوه‌خوراکي,توت
ميوه‌خوراکي,انجير
ميوه‌خوراکي,آناناس
ميوه‌خوراکي,توت‌فرنگي
ميوه‌خوراکي,زيتون
ميوه‌خوراکي,پاپايا
ميوه‌خوراکي,خربزه‌درختي
ميوه‌خوراکي,سنجد
ميوه‌خوراکي,چوب‌دانه
ميوه‌خوراکي,تمرهندي
ميوه‌خوراکي,تمبر‌هندي
ميوه‌خوراکي,تمشک
ميوه‌خوراکي,انبه
ميوه‌خوراکي,نغزک
ميوه‌خوراکي,مانجو
ميوه‌خوراکي,موانبه
ميوه‌خوراکي,انبج
ميوه‌خوراکي,کيوي
ميوه‌خوراکي,شفتالو
ميوه‌خوراکي,زغال‌اخته
ميوه‌خوراکي,شليل
ميوه‌خوراکي,کنار
ميوه‌خوراکي,کدوحلوايي
ميوه‌خوراکي,کدو‌تنبل
ميوه‌خوراکي,موز
ميوه‌خوراکي,کيله
ميوه‌خوراکي,گيلاس
ميوه‌خوراکي,خيار
ميوه‌خوراکي,هندوانه
ميوه‌خوراکي,گرمک
ميوه‌خوراکي,سمسوري
ميوه‌خوراکي,ملون
ميوه‌خوراکي,دستنبو
ميوه‌خوراکي,شمامه
ميوه‌خوراکي,ميوه‌جات
ميوه‌خوراکي,چغاله‌بادام
ميوه‌خوراکي,تبرزد
ميوه‌خوراکي,دوريان
ميوه‌خوراکي,منگوستين
ميوه‌خوراکي,ترگيل
ميوه‌خوراکي,جک‌فروت
ميوه‌خوراکي,پيتايا
ميوه‌خوراکي,ميوه‌اژدها
ميوه‌خوراکي,ليچي
ميوه‌خوراکي,سرخالو
ميوه‌خوراکي,رمبوتان
ميوه‌خوراکي,ميوه‌تاژين
ميوه‌خوراکي,مژکي
ميوه‌خوراکي,چايوت
گروه‌شغلي,کارکنان
گروه‌شغلي,پرسنل
گروه‌شغلي,کارمندان
گروه‌شغلي,حرفه
گروه‌شغلي,جامعه
گروه‌شغلي,خدمه
گروه‌شغلي,عمله
گروه‌شغلي,داروفروش
گروه‌شغلي,دوافروش
گروه‌شغلي,دست‌فروش
گروه‌شغلي,پيله‌ور
گروه‌شغلي,دوره‌گرد
گروه‌شغلي,طواف
گروه‌شغلي,ناخدا
گروه‌شغلي,کشتي‌بان
گروه‌شغلي,کاپيتان
گروه‌شغلي,ناوخدا
گروه‌شغلي,ژورناليسم
گروه‌شغلي,تحويلداري
گروه‌شغلي,صندوق‌داري
گروه‌شغلي,مربي‌گري
گروه‌شغلي,عصاري
گروه‌شغلي,کوزه‌گري
گروه‌شغلي,سفالگري
گروه‌شغلي,کاسه‌گري
گروه‌شغلي,کوزه‌سازي
گروه‌شغلي,کيسه‌کشي
گروه‌شغلي,دلاکي
گروه‌شغلي,هوانوردي
گروه‌شغلي,بهياري
گروه‌شغلي,کمک‌پرستاري
گروه‌شغلي,کمک‌بهياري
گروه‌شغلي,کفاشي
گروه‌شغلي,کفش‌دوزي
گروه‌شغلي,هتلداري
گروه‌شغلي,ته‌دوزي
گروه‌شغلي,ته‌بندي
گروه‌شغلي,شيرازه‌بندي
گروه‌شغلي,پشت‌بندي
گروه‌شغلي,شيرازه‌بافي
گروه‌شغلي,مدلينگ
گروه‌شغلي,صنعت‌گري
گروه‌شغلي,صنعت‌کاري
گروه‌شغلي,خشکه‌پزي
گروه‌شغلي,بدلي‌سازي
گروه‌شغلي,مددياري
گروه‌شغلي,مزرعه‌دار
گروه‌شغلي,پنبه‌زني
گروه‌شغلي,ندافي
گروه‌شغلي,حلاجي
گروه‌شغلي,فولادسازي
گروه‌شغلي,فولادگري
گروه‌شغلي,پولادسازي
بانک,اچ‌اس‌بي‌سي
بانک,شرکت‌خدمات‌مالي‌اچ‌اس‌بي‌سي
بانک,شرکت‌بانکداري‌اچ‌اس‌بي‌سي
بانک,اينترنت‌بانک
چراغ,زنبوري
چراغ,فانوس
چراغ,لاله
چراغ,لامپ‌مهتابي
چراغ,مهتابي
چراغ,لامپ‌فلورسنت
چراغ,فلورسنت
چراغ,لامپ‌نئون
چراغ,لامپ‌مادون‌قرمز
چراغ,لامپ‌رشته‌اي
چراغ,لامپ‌التهابي
چراغ,لامپ‌حبابي
چراغ,لامپ‌سيگنال
چراغ,لامپ‌خبر
چراغ,لامپ‌علايم
چراغ,لامپ‌علامت‌دهنده
ترن,مترو
ترن,ساب‌وي
ترن,قطار‌برقي
ترن,قطار‌شهري
وسيله‌نقليه,سورتمه
وسيله‌نقليه,وسيله‌نظامي
وسيله‌نقليه,ماشين‌نظامي
وسيله‌نقليه,وسيله‌حمل‌ونقل‌عمومي
وسيله‌نقليه,قايق
وسيله‌نقليه,کشتي
وسيله‌نقليه,سفينه
وسيله‌نقليه,تانکر
وسيله‌نقليه,ترن
وسيله‌نقليه,قطار
وسيله‌نقليه,تله‌کابين
وسيله‌نقليه,يدک‌کش
وسيله‌نقليه,کاروانه
وسيله‌نقليه,ون
وسيله‌نقليه,برانکار
وسيله‌نقليه,برانکارد
وسيله‌نقليه,فضاپيما
وسيله‌نقليه,کيهان‌پيما
وسيله‌نقليه,سفينه‌فضايي
وسيله‌نقليه,زنبر
وسيله‌نقليه,زنبه
وسيله‌نقليه,زنبل
وسيله‌نقليه,تريلي
وسيله‌نقليه,تريلر
وسيله‌نقليه,کانتينر
وسيله‌نقليه,تله‌اسکي
وسيله‌نقليه,کجاوه
وسيله‌نقليه,محمل
وسيله‌نقليه,تخت‌روان
وسيله‌نقليه,هودج
وسيله‌نقليه,موشک‌آزاد
وسيله‌نقليه,راکت
وسيله‌نقليه,موشک
وسيله‌نقليه,وسيله‌پرنده
وسيله‌نقليه,پرنده
وسيله‌نقليه,هواگرد
مواد‌ساختماني,آهن‌آلات
مواد‌ساختماني,چلنگر
مواد‌ساختماني,ماسه
مواد‌ساختماني,شن
مواد‌ساختماني,رمل
مواد‌ساختماني,گرانيت
مواد‌ساختماني,سنگ‌خارا
مواد‌ساختماني,خارا
مواد‌ساختماني,گچ
مواد‌ساختماني,بتن
مواد‌ساختماني,آجر
مواد‌ساختماني,الوار
مواد‌ساختماني,کاه‌گل
مواد‌ساختماني,ملات
مواد‌ساختماني,آژند
مواد‌ساختماني,فايبرگلاس
مواد‌ساختماني,فيبرشيشه
مواد‌ساختماني,سمنت
مواد‌ساختماني,سيمان
مواد‌ساختماني,کاشي
مواد‌ساختماني,سراميک
مواد‌ساختماني,ساروج
مواد‌ساختماني,آجرپاره
مواد‌ساختماني,پاره‌آجر
بيمارستان,درمانگاه
بيمارستان,بهداري
بيمارستان,کلينيک
بيمارستان,آسايشگاه
بيمارستان,تيمارستان
بيمارستان,زايشگاه
پديده‌جوي,ميغ
پديده‌جوي,غمامه
پديده‌جوي,سحاب
پديده‌جوي,رباب
پديده‌جوي,ابل
پديده‌جوي,ابر
پديده‌جوي,الکتريسيته‌جو
پديده‌جوي,جبهه‌هوا
پديده‌جوي,جبهه
پديده‌جوي,طوفان
پديده‌جوي,تندباد
پديده‌جوي,عاصف
پديده‌جوي,شرايط‌جوي
پديده‌جوي,شرايط‌آب‌و‌هوايي
پديده‌جوي,آب‌وهوا
پديده‌جوي,شبنم
پديده‌جوي,ژاله
پديده‌جوي,سرشک
پديده‌جوي,وارونگي‌هوا
پديده‌جوي,شفق‌قطبي
پديده‌جوي,سپيده‌قطبي
پديده‌جوي,نور‌قطبي
پديده‌جوي,جزر‌و‌مد
پديده‌جوي,کشند
پديده‌جوي,پديده‌کشند
پديده‌جوي,فروکشند‌و‌برکشند
پديده‌جوي,اثر‌گلخانه‌اي
پديده‌جوي,ابر‌آتش‌کومه‌اي
پديده‌جوي,پيروکومولوس
پديده‌جوي,ابر‌پيروکومولوس
پديده‌جوي,آتش‌کومه‌اي
پديده‌جوي,چاه‌هوايي
پديده‌جوي,چالۀ‌هوايي
پديده‌جوي,ريزگرد
پديده‌جوي,گردوغبار
پديده‌جوي,خرمن‌ماه
پديده‌جوي,چنبرماه
پديده‌جوي,شايورد
پديده‌جوي,هاله
پزشک,دندان‌پزشک
پزشک,دندان‌ساز
پزشک,دام‌پزشک
پزشک,بيطار
پزشک,ارتوپد
پزشک,رزيدنت
پزشک,جراح
پزشک,چشم‌پزشک
پزشک,کحال
پزشک,روماتولوژيست
پزشک,پوست‌پزشک
پزشک,درماتولوژيست
پزشک,پوست‌شناس
پزشک,بقراط
پزشک,کارديولژيست
پزشک,متخصص‌قلب
پزشک,هماتولوژيست
پزشک,خون‌شناس
پزشک,هروفيلوس
پزشک,عصب‌شناس
پزشک,اکسترن
پزشک,استاژر
پزشک,روان‌پزشک
پزشک,راديولوژيست
پزشک,پرتوشناس
پزشک,دادپزشک
پزشک,سونولوژيست
پزشک,اينترن
پزشک,پيراپزشک
پزشک,متخصص‌زنان
پزشک,متخصص‌کودکان
پزشک,متخصص‌اطفال
مهندس,نقشه‌بردار
مهندس,نقشه‌کش
مهندس,مساح
زبان‌برنامه‌نويسي,ويژوال‌سي++
زبان‌برنامه‌نويسي,جاوا
زبان‌برنامه‌نويسي,کوبول
زبان‌برنامه‌نويسي,سي‌شارپ
زبان‌برنامه‌نويسي,زبان‌سي‌شارپ
غلات,برنج
غلات,گندم
غلات,ذرت
غلات,کورن
غلات,مالت
غلات,چاودار
غلات,گندم‌سياه
غلات,جودر
غلات,يولاف
غلات,جو‌دوسر
غلات,جوي‌پرک
غلات,پرک
غلات,بلقور
عضو,پاي‌بي‌مهرگان
عضو,پا
عضو,اندام‌حياتي
عضو,اندام‌داخلي
عضو,احشا
عضو,اندرونه
عضو,زبان
عضو,زفان
عضو,لسان
عضو,لنز
عضو,عدسي
عضو,اندام‌جنسي
عضو,اندام‌توليد‌مثل
عضو,زهار
عضو,شرمگاه
عضو,اندام‌تناسلي
عضو,آلت‌تناسلي
عضو,آلت‌جنسي
عضو,عورت
عضو,اسافل‌اعضا
عضو,پستان
عضو,سينه
عضو,ثدي
عضو,ممه
عضو,پنجه
عضو,انگشت
عضو,اندام‌قابل‌انقباض
عضو,گوش
عضو,چک‌وچانه
عضو,اندام‌گفتاري
عضو,غده
عضو,جليديه
عضو,عدسي‌چشم
عضو,ريبوزم
عضو,رناتن
عضو,سانتريول
عضو,ميان‌دانه
عضو,ميانک
عضو,سرپنجه
عضو,اندام‌حسي
عضو,نيش
عضو,اندام‌تحتاني
عضو,اندامک
عضو,آغازه
عضو,کرک
قوم‌وخويش,زاد
قوم‌وخويش,فرزند
قوم‌وخويش,بچه
قوم‌وخويش,ذريه
قوم‌وخويش,زاده
قوم‌وخويش,ولد
قوم‌وخويش,خويشان
قوم‌وخويش,بستگان
قوم‌وخويش,اقربا
قوم‌وخويش,ارحام
قوم‌وخويش,اقوام
قوم‌وخويش,زن‌برادرشوهر
قوم‌وخويش,جاري
قوم‌وخويش,هم‌گيس
قوم‌وخويش,داداش
قوم‌وخويش,برادر
قوم‌وخويش,اخوي
قوم‌وخويش,خواهرزاده
قوم‌وخويش,همشيره‌زاده
قوم‌وخويش,بچۀ‌خواهر
قوم‌وخويش,خويشاوند‌سببي
قوم‌وخويش,ختن
قوم‌وخويش,نيا
قوم‌وخويش,سلف
قوم‌وخويش,جد
قوم‌وخويش,آبا
قوم‌وخويش,اباواجداد
قوم‌وخويش,جدوآباد
قوم‌وخويش,خويشاوند‌رضاعي
قوم‌وخويش,خويشاوند‌شيري
قوم‌وخويش,خاله‌زاده
قوم‌وخويش,برادرزاده
قوم‌وخويش,اخوي‌زاده
قوم‌وخويش,بچۀ‌برادر
هيتر,شومينه
هيتر,بخاري‌ديواري
هيتر,هيمه‌سوز
هيتر,بخاري‌برقي
هيتر,بخاري‌نفتي
هيتر,بخاري‌نفت‌سوز
هيتر,بخاري‌گازي
هيتر,بخاري‌گازسوز
هيتر,يونيت‌هيتر
هيتر,کنوکتور
نزولات‌آسماني,مطر
نزولات‌آسماني,باران
نزولات‌آسماني,برف
نزولات‌آسماني,ثلج
نزولات‌آسماني,تگرگ
نزولات‌آسماني,ترسالي
نزولات‌آسماني,ميلابي
برج,ساختمان‌نيويورک‌تايمز
تيم‌فوتبال,چلسي
تيم‌فوتبال,تيم‌چلسي
تيم‌فوتبال,بايرن‌مونيخ
تيم‌فوتبال,تيم‌بايرن‌مونيخ
تيم‌فوتبال,تراکتورسازي
تيم‌فوتبال,تراکتورسازي‌تبريز
تيم‌فوتبال,تراختور
تيم‌فوتبال,تراکتور
تيم‌فوتبال,اتلتيکومادريد
تيم‌فوتبال,تيم‌اتلتيکومادريد
تيم‌فوتبال,اتلتيکو
تيم‌فوتبال,رئال‌مادريد
تيم‌فوتبال,رئال
تيم‌فوتبال,تيم‌رئال‌مادريد
تيم‌فوتبال,منچستريونايتد
تيم‌فوتبال,تيم‌منچستريونايتد
تيم‌فوتبال,يوونتوس
تيم‌فوتبال,يووه
تيم‌فوتبال,باشگاه‌يوونتوس
تيم‌فوتبال,تيم‌يوونتوس
تيم‌فوتبال,باشگاه‌فوتبال‌يوونتوس
تيم‌فوتبال,تيم‌پرسپوليس
تيم‌فوتبال,پرسپوليس
تيم‌فوتبال,تيم‌استقلال
تيم‌فوتبال,استقلال‌تهران
تيم‌فوتبال,استقلال
تيم‌فوتبال,آرسنال
تيم‌فوتبال,تيم‌آرسنال
تيم‌فوتبال,تاتنهام
تيم‌فوتبال,تيم‌تاتنهام
تيم‌فوتبال,اينترميلان
تيم‌فوتبال,تيم‌اينترميلان
مبلمان,مسند
مبلمان,ميز
مبلمان,مبل
مبلمان,کمد‌لباس
مبلمان,کمد
مبلمان,جارختي
مبلمان,گنجه‌کشويي
مبلمان,دراور
مبلمان,آرمالي
مبلمان,قفسه
مبلمان,اشکاف
مبلمان,اثاث‌اتاق‌خواب
مبلمان,اسباب‌اتاق‌خواب
مبلمان,کاناپه
مبلمان,صندلي‌راحتي
مبلمان,مبل‌راحتي
مبلمان,مبل
مبلمان,فايل
مبلمان,پرونجا
واحد‌زمان,روز
واحد‌زمان,24‌ساعت
واحد‌زمان,شب
واحد‌زمان,ماه
واحد‌زمان,شب
واحد‌زمان,روز‌نجومي
واحد‌زمان,روز‌ستاره‌اي
واحد‌زمان,ساعت
واحد‌زمان,60دقيقه‌
واحد‌زمان,دقيقه
واحد‌زمان,ثانيه
واحد‌زمان,دقيقه
واحد‌زمان,هزاره
واحد‌زمان,30‌دقيقه
واحد‌زمان,نيم‌ساعت
واحد‌زمان,ربع‌ساعت
واحد‌زمان,يک‌ربع
واحد‌زمان,15‌دقيقه
واحد‌زمان,سه‌ربع
واحد‌زمان,45‌دقيقه
واحد‌زمان,ميلي‌ثانيه
واحد‌زمان,ms
وعده‌غذايي,افطاري
وعده‌غذايي,افطارانه
وعده‌غذايي,عصرانه
وعده‌غذايي,صبحانه
وعده‌غذايي,ناشتايي
وعده‌غذايي,چاشت
وعده‌غذايي,افطار
وعده‌غذايي,شام
وعده‌غذايي,غذاي‌شبانه
وعده‌غذايي,ناهار
وعده‌غذايي,نهار
وعده‌غذايي,سحري
وعده‌غذايي,پس‌شام
وعده‌غذايي,غذاي‌سحري
سلاح‌سرد,تيغ
سلاح‌سرد,شمشير
سلاح‌سرد,قليج
سلاح‌سرد,فيصل
سلاح‌سرد,سيف
سلاح‌سرد,نيزه
سلاح‌سرد,گرز
سلاح‌سرد,چوب‌دست
سلاح‌سرد,چماق
سلاح‌سرد,پنجه‌بوکس
سلاح‌سرد,خنجر
سلاح‌سرد,فلاخن
سلاح‌سرد,قلاب‌سنگ
سلاح‌سرد,قلماسنگ
سلاح‌سرد,سنگ‌قلاب
سلاح‌سرد,نانچيکو
اسلحه‌گرم,تفنگ
اسلحه‌گرم,تپانچه
اسلحه‌گرم,پيشتاب
اسلحه‌گرم,پيشتو
اسلحه‌گرم,پيستوله
اسلحه‌گرم,مسلسل
اسلحه‌گرم,تيربار
اسلحه‌گرم,بازوکا
اسلحه‌گرم,هفت‌تير
اسلحه‌گرم,مين
اسلحه‌گرم,ژ-3
اسلحه‌گرم,اسلحه‌ژ-3
باد,نسيم
باد,آرامه
باد,اياز
باد,مانسون
باد,طوفان‌موسمي
باد,گرم‌باد
باد,پديدهٔ‌فون
باد,شمال‌وز
باد,شرطه
باد,تندوزه
باد,نرمه‌باد
باد,پف
باد,فوت
ميزان‌نور,نور
ميزان‌نور,فروغ
ميزان‌نور,ضياء
ميزان‌نور,سو
ميزان‌نور,روشني
ميزان‌نور,روشنايي
ميزان‌نور,سوي
ميزان‌نور,ضوء
ميزان‌نور,اشراق
ميزان‌نور,ظلمت
ميزان‌نور,ظلام
ميزان‌نور,سياهي
ميزان‌نور,تيرگي
ميزان‌نور,تاريکي
ميزان‌نور,تاريکا
ميزان‌نور,ظلمات
ميزان‌نور,سايه‌شکن
کاغذ,دستمال‌کاغذي
کاغذ,کلينکس
کاغذ,تمبر
کاغذ,پارشمن
کاغذ,مقوا
کاغذ,شوميز
کاغذ,کاربن
کاغذ,پاسور
کاغذ,ورق
کاغذ,ورق
کاغذ,برگه
کاغذ,برگ‌کاغذ
کاغذ,گلاسه
کاغذ,ورق‌گلاسه
کاغذ,سلوفان
کاغذ,ابر‌و‌باد
کاغذ,استنسيل
کاغذ,کاربن‌تتو
کاغذ,آب‌خشک‌کن
کاغذ,جوهرخشک‌کن
کاغذ,سربرگ
کاغذ,سرکاغذ
کاغذ,زرورق
کاغذ,استيک‌نوت
کاغذ,استيکي‌نوت
کاغذ,نوت‌استيک
کاغذ,سيگارپيچ
کلک,خودکار
کلک,مداد
کلک,خودنويس
کلک,قلم‌خودنويس
کلک,قلم‌ني
کلک,قلم‌درشت
کلک,راپيد
کلک,راپيدوگراف
کلک,قلم‌راپيد
نيروي‌مسلح,فرمانده‌نظامي
نيروي‌مسلح,فرمانده
نيروي‌مسلح,افسر‌فرمانده
نيروي‌مسلح,سپهدار
نيروي‌مسلح,مشمول
نيروي‌مسلح,سرباز
نيروي‌مسلح,ذخيره
نيروي‌مسلح,نيروي‌احتياط
نيروي‌مسلح,گروهبان
نيروي‌مسلح,پاس‌بخش
نيروي‌مسلح,سرلشکر
نيروي‌مسلح,ازهاري
نيروي‌مسلح,غلامرضا‌ازهاري
نيروي‌مسلح,ارتشبد‌ازهاري
نيروي‌مسلح,سربازوظيفه
نيروي‌مسلح,سرباز‌صفر
نيروي‌مسلح,آش‌خور
نيروي‌مسلح,تکاور
نيروي‌مسلح,رنجر
نيروي‌مسلح,گشتي
نيروي‌مسلح,کماندو
نيروي‌مسلح,نيزه‌دار
نيروي‌مسلح,پيش‌قراول
نيروي‌مسلح,يزک
نيروي‌مسلح,ديده‌ور
نيروي‌مسلح,فرط
نيروي‌مسلح,ديدور
نيروي‌مسلح,جلودار
نيروي‌مسلح,طلايه‌بان
نيروي‌مسلح,سرپاسبان
نيروي‌مسلح,همافر
مسافر,زائر
مسافر,ديدارکننده
مسافر,بازديدکننده
مسافر,سوار
مسافر,شناگر
مسافر,آب‌ورز
مسافر,جهان‌گرد
مسافر,سياح
مسافر,گردش‌گر
مسافر,توريست
مسافر,سياحتگر
مسافر,جهان‌پيما
مسافر,هم‌سفر
مسافر,گشت‌گر
مسافر,تفرج‌گر
مسافر,سرنشين
مسافر,کيهان‌نورد
مسافر,فضانورد
مسافر,پناهنده
مسافر,پناه‌جو
مسافر,پناه‌خواه
مسافر,مستعصم
مسافر,متوسل
مسافر,ملتجي
شهروند,رعيت
شهروند,رعايا
شهروند,پرولتاريا
شهروند,بچه
شهروند,چيني
شهروند,هم‌ميهن
شهروند,هم‌وطن
شهروند,رأي‌دهنده
گارد,کشيک
گارد,پاس‌بخش
گارد,قراول
گارد,ديده‌بان
گارد,يساول
گارد,داروغه
گارد,ناتور
گارد,پاليزبان
گارد,فاليزبان
گارد,حراستي
گارد,حفاظتي
گارد,ساحل‌بان
گارد,شکاربان
گارد,نخجيربان
گارد,پارکبان
گارد,تيمارگر
گارد,ممتحن
گارد,امتحان‌گيرنده
تبه‌کار,شيطان
تبه‌کار,گانگستر
تبه‌کار,قاتل
تبه‌کار,بمب‌گذار
تبه‌کار,مهاجم
تبه‌کار,آدم‌ربا
تبه‌کار,آدم‌دزد
مبارز,پهلوان
مبارز,مرد
مبارز,قهرمان
مبارز,دلاور
مبارز,يل
مبارز,تگين
مبارز,نيرم
مبارز,پارتيزان
مبارز,مجاهد
مبارز,جهادگر
مبارز,چريک
مبارز,پارتيزان
مبارز,سامورايي
مبارز,کشتي‌گير
مبارز,جنگاور
مبارز,ستيزه‌جو
مبارز,ستيزه‌گر
مبارز,جنگ‌افروز
مبارز,جنگجو
مبارز,چالشگر
مبارز,محارب
مبارز,سلحشور
مبارز,آتش‌افروز
مبارز,رزم‌جو
مبارز,پيکارجو
مبارز,جنگ‌طلب
مبارز,رزم‌آور
مبارز,رزم‌خواه
مبارز,رزم‌پوش
مبارز,رزمنده
مبارز,پيکارگر
مبارز,عنود
مبارز,ستيزنده
مبارز,جنگجوي
مبارز,رزم‌جوي
مبارز,پيکارجوي
مبارز,ستيزه‌خو
مبارز,گلادياتور
مبارز,بوکس‌باز
مبارز,مشت‌زن
مبارز,بوکسور
مبارز,فايتر
مبارز,خروس‌جنگي
مبارز,وطن‌پرست
مبارز,ميهن‌پرست
مبارز,وطن‌دوست
مبارز,ميهن‌دوست
مبارز,وطن‌خواه
مبارز,ظلم‌ستيز
مبارز,ستم‌ستيز
خريدار,مال‌خر
خريدار,مشتري
خريدار,طرف‌حساب
خريدار,بيرون‌بر
خريدار,کهنه‌خر
خريدار,کهنه‌بخر
خريدار,خرده‌بخر
خريدار,خرده‌خر
مخترع,نيکولا‌تسلا
مخترع,تسلا
مخترع,ويليام‌شاکلي
مخترع,ويليام‌برادفورد‌شاکلي
مخترع,علي‌جوان
مخترع,استيو‌جابز
مخترع,استيون‌پاول‌جابز
مخترع,جابز
مخترع,اديسون
مخترع,توماس‌اديسون
مخترع,توماس‌آلوا‌اديسون
مخترع,داوينچي
مخترع,لئوناردو‌داوينچي
مخترع,لئوناردو‌دي‌سر‌پيرو‌داوينچي
مخترع,گراهام‌بل
مخترع,الکساندر‌گراهام‌بل
مخترع,بل
مخترع,مورس
مخترع,ساموئل‌مورس
مخترع,ساموئل‌فاينلي‌بريس‌مورس
مخترع,وات
مخترع,جيمز‌وات
مخترع,رايت
مخترع,ارويل‌رايت
مخترع,ويلبر‌رايت
مخترع,رايت
مخترع,برادران‌رايت
نژاد,رنگين‌پوست
نژاد,بانتو
نژاد,آريايي
نژاد,آرياييان
نژاد,آريا
نژاد,آريايي‌نژاد
نژاد,وايکينگ
نژاد,زردپوست
نژاد,چشم‌بادامي
نژاد,سرخ‌پوست
نژاد,سياه‌پوست
نژاد,زنگي
نژاد,سياه‌چرده
صفت‌فاعلی,بیننده
صفت‌فاعلی,خواهنده
صفت‌فاعلی,شناسنده
صفت‌فاعلی,بافنده
صفت‌فاعلی,خواهان
صفت‌فاعلی,پرسان
صفت‌فاعلی,دمان
صفت‌فاعلی,روان
صفت‌فاعلی,دوان
صفت‌فاعلی,شکیبا
صفت‌فاعلی,زیبا
صفت‌فاعلی,خوانا
صفت‌فاعلی,پیروزگر
صفت‌فاعلی,دادگر
صفت‌فاعلی,بیدادگر
صفت‌مفعولی,خواب‌آلوده
صفت‌مفعولی,شراب‌آلوده
صفت‌مفعولی,خاک‌آلود
صفت‌مفعولی,نعمت‌پرورد
صفت‌مفعولی,دست‌پخت
صفت‌مفعولی,ناه‌پرور
صفت‌مفعولی,دست‌پرور
صفت‌برتر,گوینده‌تر
صفت‌برتر,شتابنده‌تر
صفت‌برتر,فزاینده‌تر
صفت‌برتر,گریانده‌تر
صفت‌برتر,مردتر
صفت‌برتر,برتر
صفت‌برتر,پسندیده‌تر
صفت‌برترین,بهترین
صفت‌برترین,خوب‌ترین
صفت‌برترین,مهربانترین
صفت‌برترین,بدترین
صفت‌برترین,کمترین
صفت‌برترین,بیشترین
صفت‌نسبی,آسمانی
صفت‌نسبی,زمینی
صفت‌نسبی,آتشی
صفت‌نسبی,هوایی
صفت‌نسبی,خاکی
صفت‌نسبی,پارسی
صفت‌نسبی,اصفهانی
صفت‌نسبی,نیشابوری
صفت‌پرسشی,چه
صفت‌پرسشی,کدام
صفت‌پرسشی,کدامین
صفت‌پرسشی,چگونه
صفت‌پرسشی,چطور
صفت‌پرسشی,چه‌‌جور
صفت‌پرسشی,چه‌‌سان
صفت‌پرسشی,چندم
صفت‌پرسشی,چندمین
صفت‌پرسشی,چند
صفت‌پرسشی,چه‌‌قدر
صفت‌پرسشی,چه‌‌اندازه
صفت‌مبهم,چند
صفت‌مبهم,بعضى
صفت‌مبهم,فلانى
صفت‌مبهم,هر
صفت‌مبهم,همه
صفت‌مبهم,دیگر
صفت‌مبهم,هیچ
صفت‌مبهم,هر
صفت‌مبهم,همه
صفت‌مبهم,دیگر
ماضی,رفتم
ماضی,رفتی
ماضی,می‌رفتی
ماضی,می‌رفت
ماضی,گفته‌بودم
ماضی,گفته‌بودند
ماضی,گفته‌بودیم
ماضی,دیده‌بودی
ماضی,رفته‌باشم
ماضی,رفته‌باشی
ماضی,رفته‌باشد
ماضی,رفته‌ام
ماضی,رفته‌ای
ماضی,داشتم‌می‌رفتم
ماضی,داشتی‌می‌رفتی
ماضی,داشت‌می‌رفت
ماضی,داشتیم‌می‌رفتیم
ماضی,داشتید‌می‌رفتید
ماضی,داشتند‌می‌رفتند
مضارع,می‌روم
مضارع,می‌روی
مضارع,می‌رود
مضارع,میرویم
مضارع,میروید
مضارع,میروند
مضارع,روم
مضارع,بروی
مضارع,برود
مضارع,برویم
مضارع,بروید
مضارع,بروند
مضارع,ارم‌می‌روم
مضارع,داری‌می‌روی
مضارع,دارد‌می‌رود
مضارع,داریم‌می‌رویم
مضارع,دارید‌می‌روید
مضارع,دارند‌می‌روند
آینده,خواهم‌رفت
آینده,خواهی‌رفت
آینده,خواهد‌رفت
قید‌مختص,هرگز
قید‌مختص,هنوز
قید‌مختص,البته
قید‌مختص,مثلاً
قید‌مختص,احیاناً
قید‌مختص,اتفاقاً
قید‌زمان,شب
قید‌زمان,بعضی‌وقت‌ها
قید‌زمان,امروز
قید‌زمان,امسال
قید‌زمان,فردا
قید‌زمان,همیشه
قید‌مکان,اینجا
قید‌مکان,آنجا
قید‌مکان,هرکجا
قید‌مقدار,کم‌کم
قید‌مقدار,بسیار
قید‌مقدار,مشتی
ضمیر‌شخصی,من
ضمیر‌شخصی,تو
ضمیر‌شخصی,او
ضمیر‌شخصی,ما
ضمیر‌شخصی,شما
ضمیر‌شخصی,ایشان
ضمیر‌شخصی,آن‌ها
ضمیر‌شخصی,آنان
ضمیر‌مبهم,چند
ضمیر‌مبهم,همه
ضمیر‌مبهم,هیچ
ضمیر‌مبهم,یکی
ضمیر‌مبهم,هرکه
ضمیر‌مبهم,کمی
ضمیر‌مبهم,دیگری
ضمیر‌پرسشی,که
ضمیر‌پرسشی,چه
ضمیر‌پرسشی,کدام
ضمیر‌پرسشی,کی
ضمیر‌پرسشی,کجا
ضمیر‌پرسشی,چگونه
ضمیر‌پرسشی,چند
ضمیر‌پرسشی,چقدر
ضمیر‌مشترک,خود
ضمیر‌مشترک,خویش
ضمیر‌مشترک,خویشتن
حرف‌اضافه,بر
حرف‌اضافه,بدون
حرف‌اضافه,برای
حرف‌اضافه,بی
حرف‌اضافه,به
حرف‌اضافه,از‌پیش
حرف‌اضافه,از‌روی
حرف‌اضافه,از‌کنار
حرف‌اضافه,بر‌بالای
حرف‌اضافه,بر‌روی
حرف‌اضافه,به‌دنبال
حرف‌اضافه,به‌جز
حرف‌اضافه,به‌روی
حرف‌اضافه,به‌کنار
حرف‌اضافه,تا‌به
حرف‌اضافه,تانزدیک
حرف‌اضافه,در‌کنار
حرف‌اضافه,درپشت
حرف‌اضافه,در‌پیش
حرف‌اضافه,در‌جلو
حرف‌اضافه,در‌میان
حرف‌اضافه,غیر‌از
حرف‌اضافه,از‌جهت
حرف‌اضافه,از‌لحاظ
حرف‌اضافه,با‌وجود
حرف‌اضافه,بر‌پایه
حرف‌اضافه,برحسب
حرف‌اضافه,به‌پیش
حرف‌ربط,اگر
حرف‌ربط,امّا
حرف‌ربط,پس
حرف‌ربط,تا
حرف‌ربط,چون
حرف‌ربط,چه
حرف‌ربط,خواه
حرف‌ربط,زیرا
حرف‌ربط,لیکن
حرف‌ربط,که
حرف‌ربط,نه
حرف‌ربط,نیز
حرف‌ربط,و
حرف‌ربط,ولی
حرف‌ربط,هم
حرف‌ربط,یا
حرف‌ربط,آنجا‌که
حرف‌ربط,از‌آنجا‌که
حرف‌ربط,از‌این‌روی
حرف‌ربط,از‌بس
حرف‌ربط,از‌بس‌که
حرف‌ربط,اکنون‌که
حرف‌ربط,اگر‌چنانچه
حرف‌ربط,اگر‌چنانکه
حرف‌ربط,اگرچه
حرف‌ربط,الا‌اینکه
حرف‌ربط,با‌این‌حال
حرف‌ربط,با‌اینکه
حرف‌ربط,با‌وجود‌این
حرف‌ربط,بس‌که
حرف‌ربط,به‌شرط‌آن‌که
حرف‌ربط,به‌طوری‌که
حرف‌ربط,بلکه
حرف‌ربط,بنابراین
حرف‌ربط,به‌هر‌حال
اسم‌عام,مرد
اسم‌عام,پسر
اسم‌عام,اسب
اسم‌عام,باغ
اسم‌عام,درخت
اسم‌عام,کتاب
اسم‌عام,زن
اسم‌عام,دختر
اسم‌عام,شیر
اسم‌عام,گرگ
اسم‌عام,شهر
اسم‌عام,روستا
اسم‌خاص,حسن
اسم‌خاص,اسفندیار
اسم‌خاص,رستم
اسم‌خاص,مهرداد
اسم‌خاص,بهروز
اسم‌خاص,تبریز
اسم‌خاص,تهران
اسم‌خاص,سهند
اسم‌خاص,رخش
